trace,policy,scheduled_cuts,encountered_cuts,powered_ms,elapsed_including_off_ms,completed_acquisitions,reacquired_completed_records,durable_output_records,completed_anchor_events,complete_event_count,interrupted_event_count
T0,RC,0,0,2448.0,2448.0,192,0,192,12,217,0
T0,AR,0,0,2553.6,2553.6,192,0,192,12,397,0
T0,BS,0,0,2508.0,2508.0,192,0,192,12,265,0
T1,RC,2,2,2821.0,2901.0,200,8,192,13,230,2
T1,AR,2,2,2868.0,2948.0,193,1,192,13,403,2
T1,BS,2,2,2851.0,2931.0,194,2,192,14,273,2
T2,RC,2,2,2813.0,2893.0,199,7,192,13,229,2
T2,AR,2,2,2842.4,2922.4,192,0,192,13,402,2
T2,BS,2,2,2833.0,2913.0,195,3,192,13,273,2
T3,RC,6,6,3825.0,4065.0,236,44,192,18,279,6
T3,AR,6,6,3526.8,3766.8,193,1,192,18,416,6
T3,BS,6,6,3619.0,3859.0,208,16,192,18,299,6
T4,RC,6,6,3781.0,4021.0,232,40,192,17,274,6
T4,AR,6,6,3518.0,3758.0,195,3,192,18,418,6
T4,BS,6,6,3595.0,3835.0,209,17,192,17,299,6
T5,RC,10,10,5449.0,5849.0,332,140,192,22,387,10
T5,AR,10,10,4138.0,4538.0,192,0,192,21,426,10
T5,BS,10,10,4194.0,4594.0,203,11,192,19,303,10
T6,RC,2,2,3061.0,3141.0,222,30,192,14,253,2
T6,AR,2,2,2873.6,2953.6,192,0,192,14,403,2
T6,BS,2,2,2875.0,2955.0,196,4,192,14,275,2
T7,RC,2,2,2873.0,2953.0,204,12,192,14,235,2
T7,AR,2,2,2870.8,2950.8,192,0,192,14,403,2
T7,BS,2,2,2834.0,2914.0,192,0,192,14,271,2
T8,RC,2,2,3073.0,3153.0,224,32,192,14,255,2
T8,AR,2,2,2868.0,2948.0,192,0,192,14,403,2
T8,BS,2,2,2877.0,2957.0,197,5,192,14,276,2
T9,RC,2,2,2885.0,2965.0,204,12,192,14,235,2
T9,AR,2,2,2876.0,2956.0,192,0,192,14,403,2
T9,BS,2,2,2836.0,2916.0,193,1,192,14,272,2
T10,RC,2,2,2697.0,2777.0,192,0,192,12,221,2
T10,AR,2,2,2873.2,2953.2,193,1,192,14,404,2
T10,BS,2,2,2879.0,2959.0,197,5,192,14,276,2
T11,RC,2,2,2897.0,2977.0,206,14,192,14,237,2
T11,AR,2,2,2870.4,2950.4,192,0,192,14,403,2
T11,BS,2,2,2838.0,2918.0,193,1,192,14,272,2
