scenario,frames,insertions,variant,total_time_s,median_error_mm,output_frames,rejected_frames
A_locked,80,1,V1,3.50,0.022,80,0
A_locked,80,1,V2,25.60,0.021,80,0
A_locked,80,1,V3,4.30,0.022,80,0
B_reinserted,80,8,V1,3.50,0.405,80,0
B_reinserted,80,8,V2,25.60,0.023,80,0
B_reinserted,80,8,V3,6.20,0.024,80,0
C_one_frame,8,8,V1,0.35,0.403,8,0
C_one_frame,8,8,V2,2.56,0.023,8,0
C_one_frame,8,8,V3,2.75,0.023,8,0
D_no_generation,80,8,V3_no_generation,4.10,0.405,80,0
E_missing_mark,8,8,V1,0.35,,8,0
E_missing_mark,8,8,V2,2.40,,0,8
E_missing_mark,8,8,V3,2.58,,0,8
