sequence,protocol,rinse_ml,total_cycle_s,worst_carryover_pct,transitions,completed_cycles,collected_ml
A,L,36.0,112.0,0.18,20,20,36.0
A,O,4.0,18.0,2.80,20,20,4.0
A,P,12.0,43.0,0.22,20,20,12.0
A,Q,12.0,43.0,1.31,20,20,12.0
B,L,36.0,112.0,0.25,20,20,36.0
B,O,4.0,18.0,3.40,20,20,4.0
B,P,12.0,43.0,0.37,20,20,12.0
B,Q,12.0,43.0,1.65,20,20,12.0
C,L,36.0,112.0,0.42,20,20,36.0
C,O,4.0,18.0,4.10,20,20,4.0
C,P,12.0,43.0,1.24,20,20,12.0
C,Q,12.0,43.0,2.15,20,20,12.0
F,P,4.0,19.0,,1,0,4.0
F,P_no_ack,12.0,43.0,,1,1,12.0
