workload,link,method,coherent_roots,total_roots,median_completion_ms,p95_completion_ms,median_wire_KiB,peak_retained_payload_MiB,median_prepare_ms
sparse_4_tiles,constrained,FS,120,120,87,106,1026,2.00,0.18
sparse_4_tiles,constrained,IT,71,120,13,26,66,1.06,0.05
sparse_4_tiles,constrained,SP,120,120,17,31,68,1.06,0.32
moving_24_tiles,constrained,FS,120,120,89,110,1026,2.00,0.18
moving_24_tiles,constrained,IT,40,120,47,69,386,1.38,0.07
moving_24_tiles,constrained,SP,120,120,51,74,388,1.38,0.37
dense_60_tiles,constrained,FS,120,120,91,111,1026,2.00,0.18
dense_60_tiles,constrained,IT,31,120,83,104,962,1.94,0.09
dense_60_tiles,constrained,SP,120,120,97,120,964,1.94,0.44
sparse_4_tiles,fast_local,FS,120,120,2.2,3.1,1026,2.00,0.18
sparse_4_tiles,fast_local,IT,71,120,1.3,2.2,66,1.06,0.05
sparse_4_tiles,fast_local,SP,120,120,2.6,3.9,68,1.06,0.32
