evidence_kind,workload,policy,repetitions,capacity_bytes,reserve_target_bytes,requests_4k,requests_64k,requests_1m,hits_4k,hits_64k,hits_1m,requests_total,hits_total,misses_total,request_bytes,origin_bytes,hit_ratio_pct,origin_mib,budget_bypasses,examined_entries_total,mean_examinations,max_examinations_one_request
FICTIONAL_DEMO_NOT_MEASURED,SteadySmall,CLOCK,0,67108864,0,800000,180000,20000,760000,155000,10000,1000000,925000,75000,36044800000,12288000000,92.50,11718.7500,0,850000,0.85,2048
FICTIONAL_DEMO_NOT_MEASURED,SteadySmall,Cap64,0,67108864,0,800000,180000,20000,759000,154000,9500,1000000,922500,77500,36044800000,12881920000,92.25,12285.1562,2500,820000,0.82,64
FICTIONAL_DEMO_NOT_MEASURED,SteadySmall,Reserve4,0,67108864,4194304,800000,180000,20000,755000,150000,9500,1000000,914500,85500,36044800000,13160448000,91.45,12550.7812,500,1400000,1.40,64
FICTIONAL_DEMO_NOT_MEASURED,SteadySmall,Reserve8,0,67108864,8388608,800000,180000,20000,748000,144000,9000,1000000,901000,99000,36044800000,14106624000,90.10,13453.1250,250,1800000,1.80,64
FICTIONAL_DEMO_NOT_MEASURED,SteadySmall,Reserve16,0,67108864,16777216,800000,180000,20000,730000,130000,8000,1000000,868000,132000,36044800000,16146432000,86.80,15398.4375,120,2400000,2.40,64
FICTIONAL_DEMO_NOT_MEASURED,MixedBurst,CLOCK,0,67108864,0,600000,300000,100000,420000,190000,20000,1000000,630000,370000,126976000000,91832320000,63.00,87578.1250,0,15000000,15.00,8192
FICTIONAL_DEMO_NOT_MEASURED,MixedBurst,Cap64,0,67108864,0,600000,300000,100000,430000,195000,10000,1000000,635000,365000,126976000000,101949440000,63.50,97226.5625,12000,12000000,12.00,64
FICTIONAL_DEMO_NOT_MEASURED,MixedBurst,Reserve4,0,67108864,4194304,600000,300000,100000,434000,201000,17000,1000000,652000,348000,126976000000,94199808000,65.20,89835.9375,7000,13000000,13.00,64
FICTIONAL_DEMO_NOT_MEASURED,MixedBurst,Reserve8,0,67108864,8388608,600000,300000,100000,440000,205000,25000,1000000,670000,330000,126976000000,85524480000,67.00,81562.5000,4000,14000000,14.00,64
FICTIONAL_DEMO_NOT_MEASURED,MixedBurst,Reserve16,0,67108864,16777216,600000,300000,100000,430000,202000,30000,1000000,662000,338000,126976000000,80519168000,66.20,76789.0625,2000,17000000,17.00,64
FICTIONAL_DEMO_NOT_MEASURED,HotShift,CLOCK,0,67108864,0,500000,400000,100000,340000,240000,15000,1000000,595000,405000,133120000000,100270080000,59.50,95625.0000,0,12000000,12.00,6144
FICTIONAL_DEMO_NOT_MEASURED,HotShift,Cap64,0,67108864,0,500000,400000,100000,337000,238000,10000,1000000,585000,415000,133120000000,105656320000,58.50,100761.7188,16000,10000000,10.00,64
FICTIONAL_DEMO_NOT_MEASURED,HotShift,Reserve4,0,67108864,4194304,500000,400000,100000,339000,241000,15000,1000000,595000,405000,133120000000,100208640000,59.50,95566.4062,10000,10500000,10.50,64
FICTIONAL_DEMO_NOT_MEASURED,HotShift,Reserve8,0,67108864,8388608,500000,400000,100000,340000,246000,20000,1000000,606000,394000,133120000000,94633984000,60.60,90250.0000,6000,12000000,12.00,64
FICTIONAL_DEMO_NOT_MEASURED,HotShift,Reserve16,0,67108864,16777216,500000,400000,100000,329000,240000,24000,1000000,593000,407000,133120000000,90877952000,59.30,86667.9688,3000,14000000,14.00,64
FICTIONAL_DEMO_NOT_MEASURED,LargeReuse,CLOCK,0,67108864,0,200000,300000,500000,160000,230000,430000,1000000,820000,180000,544768000000,78151680000,82.00,74531.2500,0,3000000,3.00,4096
FICTIONAL_DEMO_NOT_MEASURED,LargeReuse,Cap64,0,67108864,0,200000,300000,500000,163000,229000,410000,1000000,802000,198000,544768000000,99176448000,80.20,94582.0312,20000,2700000,2.70,64
FICTIONAL_DEMO_NOT_MEASURED,LargeReuse,Reserve4,0,67108864,4194304,200000,300000,500000,162000,229000,412000,1000000,803000,197000,544768000000,97083392000,80.30,92585.9375,16000,3200000,3.20,64
FICTIONAL_DEMO_NOT_MEASURED,LargeReuse,Reserve8,0,67108864,8388608,200000,300000,500000,158000,225000,415000,1000000,798000,202000,544768000000,94216192000,79.80,89851.5625,14000,4000000,4.00,64
FICTIONAL_DEMO_NOT_MEASURED,LargeReuse,Reserve16,0,67108864,16777216,200000,300000,500000,145000,215000,425000,1000000,785000,215000,544768000000,84439040000,78.50,80527.3438,7000,5500000,5.50,64
