provenance,case,method,cells,accepted_steps,dt_s,final_time_s,eta,face_eval_pct,guard_ms,coefficient_ms,transport_ms,total_ms,max_abs_error_K,accuracy_limit_K,accuracy_pass,energy_balance_rel,memory_MiB,rejected_trials,status
DEMO_STIPULATED,plate_slow,V,262144,1000,0.1,100,NA,100,0,96,304,400,0,0.01,TRUE,1.7e-14,16,0,ACCEPTED
DEMO_STIPULATED,plate_slow,P4,262144,1000,0.1,100,NA,25,0,24,305,329,0.006,0.01,TRUE,2.1e-14,16,0,ACCEPTED
DEMO_STIPULATED,plate_slow,G,262144,1000,0.1,100,0.003,10,35,9.6,310,354.6,0.003,0.01,TRUE,2.4e-14,24,0,ACCEPTED
DEMO_STIPULATED,boundary_ramp,V,262144,1000,0.1,100,NA,100,0,100,320,420,0,0.01,TRUE,2.0e-14,16,0,ACCEPTED
DEMO_STIPULATED,boundary_ramp,P4,262144,1000,0.1,100,NA,25,0,25,320,345,0.024,0.01,FALSE,2.6e-14,16,0,ACCEPTED
DEMO_STIPULATED,boundary_ramp,G,262144,1000,0.1,100,0.003,36,36,36,318,390,0.007,0.01,TRUE,2.8e-14,24,0,ACCEPTED
DEMO_STIPULATED,moving_source,V,1048576,1000,0.1,100,NA,100,0,400,1180,1580,0,0.01,TRUE,3.0e-14,64,0,ACCEPTED
DEMO_STIPULATED,moving_source,P4,1048576,1000,0.1,100,NA,25,0,100,1185,1285,0.071,0.01,FALSE,3.7e-14,64,0,ACCEPTED
DEMO_STIPULATED,moving_source,G,1048576,1000,0.1,100,0.003,51,120,204,1186,1510,0.009,0.01,TRUE,4.1e-14,96,0,ACCEPTED
DEMO_STIPULATED,switching_load,V,1048576,1000,0.1,100,NA,100,0,420,1180,1600,0,0.01,TRUE,3.2e-14,64,0,ACCEPTED
DEMO_STIPULATED,switching_load,P4,1048576,1000,0.1,100,NA,25,0,105,1195,1300,0.114,0.01,FALSE,4.5e-14,64,0,ACCEPTED
DEMO_STIPULATED,switching_load,G,1048576,1000,0.1,100,0.003,96,130,403.2,1190,1723.2,0.009,0.01,TRUE,4.8e-14,96,0,ACCEPTED
DEMO_STIPULATED,small_mesh,V,4096,1000,0.1,100,NA,100,0,2,6,8,0,0.01,TRUE,8.0e-15,0.25,0,ACCEPTED
DEMO_STIPULATED,small_mesh,P4,4096,1000,0.1,100,NA,25,0,0.5,6,6.5,0.018,0.01,FALSE,8.8e-15,0.25,0,ACCEPTED
DEMO_STIPULATED,small_mesh,G,4096,1000,0.1,100,0.003,91,2.3,1.82,6.2,10.32,0.002,0.01,TRUE,9.0e-15,0.375,0,ACCEPTED
DEMO_STIPULATED,static_conduction,V,262144,1000,0.1,100,NA,0.1,0,0.1,299.9,300,0,0.01,TRUE,1.5e-14,16,0,ACCEPTED
DEMO_STIPULATED,static_conduction,P4,262144,1000,0.1,100,NA,0.1,0,0.1,299.9,300,0,0.01,TRUE,1.5e-14,16,0,ACCEPTED
DEMO_STIPULATED,static_conduction,G,262144,1000,0.1,100,0.003,0.1,0,0.1,299.9,300,0,0.01,TRUE,1.5e-14,16,0,ACCEPTED
