case,mode,elapsed_ms,peak_MiB,max_rel_error
balanced-small,B,120,82,5.0e-8
balanced-small,U,108,82,2.7e-3
balanced-small,G,127,91,3.2e-7
balanced-large,B,480,560,6.0e-8
balanced-large,U,421,560,1.8e-3
balanced-large,G,469,598,4.0e-7
skew-small,B,244,82,7.0e-8
skew-small,U,188,82,1.1e-2
skew-small,G,203,91,5.5e-7
skew-large,B,955,560,7.0e-8
skew-large,U,671,560,8.4e-3
skew-large,G,730,598,6.0e-7
migration,B,710,214,8.0e-8
migration,U,492,214,1.5e-2
migration,G,604,238,8.4e-7
traffic-burst,B,868,214,8.0e-8
traffic-burst,U,551,214,1.6e-2
traffic-burst,G,752,238,9.3e-7
