scenario,provenance,event_id,condition,event_ordinal,row_s_drift_um,row_m_drift_um,row_n_drift_um,east_extra_row,east_extra_um,plane_ax_um_per_mm,plane_by_um_per_mm,plane_c_um,xy_tx_mm,xy_ty_mm,xy_rotation_deg
DEMO_EXCHANGED_CARRIER_V1,CONSTRUCTED_DEMO,B01,broad_row_change,1,0,0,0,,0,-0.12,0.06,-22.0,-0.025,-0.04,-0.025
DEMO_EXCHANGED_CARRIER_V1,CONSTRUCTED_DEMO,B02,broad_row_change,2,0,12,0,,0,0.08,-0.1,15.0,0.0,-0.02,0.0
DEMO_EXCHANGED_CARRIER_V1,CONSTRUCTED_DEMO,B03,broad_row_change,3,14,0,0,,0,0.15,0.04,28.0,0.025,0.0,0.025
DEMO_EXCHANGED_CARRIER_V1,CONSTRUCTED_DEMO,B04,broad_row_change,4,0,0,-15,,0,-0.09,0.06,-12.0,0.05,0.02,0.05
DEMO_EXCHANGED_CARRIER_V1,CONSTRUCTED_DEMO,B05,broad_row_change,5,12,0,-14,,0,-0.12,-0.1,6.0,-0.05,0.04,-0.05
DEMO_EXCHANGED_CARRIER_V1,CONSTRUCTED_DEMO,B06,broad_row_change,6,0,16,14,,0,0.08,0.04,-22.0,-0.025,0.06,-0.025
DEMO_EXCHANGED_CARRIER_V1,CONSTRUCTED_DEMO,B07,broad_row_change,7,14,-16,15,,0,0.15,0.06,15.0,0.0,-0.06,0.0
DEMO_EXCHANGED_CARRIER_V1,CONSTRUCTED_DEMO,B08,broad_row_change,8,-18,14,-16,,0,-0.09,-0.1,28.0,0.025,-0.04,0.025
DEMO_EXCHANGED_CARRIER_V1,CONSTRUCTED_DEMO,E01,east_local_change,9,1,-2,2,S,12,-0.12,0.04,-12.0,0.05,-0.02,0.05
DEMO_EXCHANGED_CARRIER_V1,CONSTRUCTED_DEMO,E02,east_local_change,10,1,-2,2,M,-14,0.08,0.06,6.0,-0.05,0.0,-0.05
DEMO_EXCHANGED_CARRIER_V1,CONSTRUCTED_DEMO,E03,east_local_change,11,1,-2,2,N,16,0.15,-0.1,-22.0,-0.025,0.02,-0.025
DEMO_EXCHANGED_CARRIER_V1,CONSTRUCTED_DEMO,E04,east_local_change,12,1,-2,2,S,-18,-0.09,0.04,15.0,0.0,0.04,0.0
DEMO_EXCHANGED_CARRIER_V1,CONSTRUCTED_DEMO,E05,east_local_change,13,1,-2,2,M,20,-0.12,0.06,28.0,0.025,0.06,0.025
DEMO_EXCHANGED_CARRIER_V1,CONSTRUCTED_DEMO,E06,east_local_change,14,1,-2,2,N,-22,0.08,-0.1,-12.0,0.05,-0.06,0.05
DEMO_EXCHANGED_CARRIER_V1,CONSTRUCTED_DEMO,E07,east_local_change,15,1,-2,2,S,24,0.15,0.04,6.0,-0.05,-0.04,-0.05
DEMO_EXCHANGED_CARRIER_V1,CONSTRUCTED_DEMO,E08,east_local_change,16,1,-2,2,M,-16,-0.09,0.06,-22.0,-0.025,-0.02,-0.025
DEMO_EXCHANGED_CARRIER_V1,CONSTRUCTED_DEMO,C01,combined_change,17,12,-1,2,S,15,-0.12,-0.1,15.0,0.0,0.0,0.0
DEMO_EXCHANGED_CARRIER_V1,CONSTRUCTED_DEMO,C02,combined_change,18,1,-14,2,M,-16,0.08,0.04,28.0,0.025,0.02,0.025
DEMO_EXCHANGED_CARRIER_V1,CONSTRUCTED_DEMO,C03,combined_change,19,1,-1,16,N,18,0.15,0.06,-12.0,0.05,0.04,0.05
DEMO_EXCHANGED_CARRIER_V1,CONSTRUCTED_DEMO,C04,combined_change,20,-18,-1,2,S,-20,-0.09,-0.1,6.0,-0.05,0.06,-0.05
DEMO_EXCHANGED_CARRIER_V1,CONSTRUCTED_DEMO,C05,combined_change,21,1,12,2,N,16,-0.12,0.04,-22.0,-0.025,-0.06,-0.025
DEMO_EXCHANGED_CARRIER_V1,CONSTRUCTED_DEMO,C06,combined_change,22,1,-1,-14,S,-18,0.08,0.06,15.0,0.0,-0.04,0.0
DEMO_EXCHANGED_CARRIER_V1,CONSTRUCTED_DEMO,C07,combined_change,23,16,-1,2,M,20,0.15,-0.1,28.0,0.025,-0.02,0.025
DEMO_EXCHANGED_CARRIER_V1,CONSTRUCTED_DEMO,C08,combined_change,24,1,-18,2,N,-22,-0.09,0.04,-12.0,0.05,0.0,0.05
