scenario,provenance,event_id,condition,policy,operation_index,from_id,to_id,operation,reason,x_mm,y_mm,segment_mm,retract_required,stop_s,measured_local_um,measured_change_um
DEMO_EXCHANGED_CARRIER_V1,CONSTRUCTED_DEMO,B01,broad_row_change,ALL9,1,PARK,SW,probe,scheduled_all_sites,-32.0,-24.0,10.0,0,0.75,6.476,-0.5
DEMO_EXCHANGED_CARRIER_V1,CONSTRUCTED_DEMO,B01,broad_row_change,ALL9,2,SW,SC,probe,scheduled_all_sites,0.0,-24.0,32.0,0,0.75,3.18,0.3
DEMO_EXCHANGED_CARRIER_V1,CONSTRUCTED_DEMO,B01,broad_row_change,ALL9,3,SC,SE,probe,scheduled_all_sites,32.0,-24.0,32.0,0,0.75,6.726,-0.25
DEMO_EXCHANGED_CARRIER_V1,CONSTRUCTED_DEMO,B01,broad_row_change,ALL9,4,SE,ME,probe,scheduled_all_sites,32.0,0.0,24.0,0,0.75,3.096,-1.0
DEMO_EXCHANGED_CARRIER_V1,CONSTRUCTED_DEMO,B01,broad_row_change,ALL9,5,ME,MC,probe,scheduled_all_sites,0.0,0.0,32.0,0,0.75,1.3,1.3
DEMO_EXCHANGED_CARRIER_V1,CONSTRUCTED_DEMO,B01,broad_row_change,ALL9,6,MC,MW,probe,scheduled_all_sites,-32.0,0.0,32.0,0,0.75,4.596,0.5
DEMO_EXCHANGED_CARRIER_V1,CONSTRUCTED_DEMO,B01,broad_row_change,ALL9,7,MW,NW,probe,scheduled_all_sites,-32.0,24.0,24.0,0,0.75,6.726,-0.25
DEMO_EXCHANGED_CARRIER_V1,CONSTRUCTED_DEMO,B01,broad_row_change,ALL9,8,NW,NC,probe,scheduled_all_sites,0.0,24.0,32.0,0,0.75,2.08,-0.8
DEMO_EXCHANGED_CARRIER_V1,CONSTRUCTED_DEMO,B01,broad_row_change,ALL9,9,NC,NE,probe,scheduled_all_sites,32.0,24.0,32.0,0,0.75,6.976,0.0
DEMO_EXCHANGED_CARRIER_V1,CONSTRUCTED_DEMO,B01,broad_row_change,ALL9,10,NE,PARK,return,return_before_acquisition,-40.0,-30.0,90.0,1,0,,
DEMO_EXCHANGED_CARRIER_V1,CONSTRUCTED_DEMO,B01,broad_row_change,ROW3,1,PARK,SC,probe,row_sentinel,0.0,-24.0,40.44749683,0,0.75,3.18,0.3
DEMO_EXCHANGED_CARRIER_V1,CONSTRUCTED_DEMO,B01,broad_row_change,ROW3,2,SC,MC,probe,row_sentinel,0.0,0.0,24.0,0,0.75,1.3,1.3
DEMO_EXCHANGED_CARRIER_V1,CONSTRUCTED_DEMO,B01,broad_row_change,ROW3,3,MC,NC,probe,row_sentinel,0.0,24.0,24.0,1,0.75,2.08,-0.8
DEMO_EXCHANGED_CARRIER_V1,CONSTRUCTED_DEMO,B01,broad_row_change,ROW3,4,NC,PARK,return,return_before_acquisition,-40.0,-30.0,67.20119047,1,0,,
DEMO_EXCHANGED_CARRIER_V1,CONSTRUCTED_DEMO,B01,broad_row_change,SHIFT3,1,PARK,SC,probe,row_sentinel,0.0,-24.0,40.44749683,0,0.75,3.18,0.3
DEMO_EXCHANGED_CARRIER_V1,CONSTRUCTED_DEMO,B01,broad_row_change,SHIFT3,2,SC,MC,probe,row_sentinel,0.0,0.0,24.0,0,0.75,1.3,1.3
DEMO_EXCHANGED_CARRIER_V1,CONSTRUCTED_DEMO,B01,broad_row_change,SHIFT3,3,MC,NC,probe,row_sentinel,0.0,24.0,24.0,1,0.75,2.08,-0.8
DEMO_EXCHANGED_CARRIER_V1,CONSTRUCTED_DEMO,B01,broad_row_change,SHIFT3,4,NC,PARK,return,return_before_acquisition,-40.0,-30.0,67.20119047,1,0,,
DEMO_EXCHANGED_CARRIER_V1,CONSTRUCTED_DEMO,B02,broad_row_change,ALL9,1,PARK,SW,probe,scheduled_all_sites,-32.0,-24.0,10.0,0,0.75,7.276,0.3
DEMO_EXCHANGED_CARRIER_V1,CONSTRUCTED_DEMO,B02,broad_row_change,ALL9,2,SW,SC,probe,scheduled_all_sites,0.0,-24.0,32.0,0,0.75,2.63,-0.25
DEMO_EXCHANGED_CARRIER_V1,CONSTRUCTED_DEMO,B02,broad_row_change,ALL9,3,SC,SE,probe,scheduled_all_sites,32.0,-24.0,32.0,0,0.75,7.526,0.55
DEMO_EXCHANGED_CARRIER_V1,CONSTRUCTED_DEMO,B02,broad_row_change,ALL9,4,SE,ME,probe,scheduled_all_sites,32.0,0.0,24.0,0,0.75,15.896,11.8
DEMO_EXCHANGED_CARRIER_V1,CONSTRUCTED_DEMO,B02,broad_row_change,ALL9,5,ME,MC,probe,scheduled_all_sites,0.0,0.0,32.0,0,0.75,11.0,11.0
DEMO_EXCHANGED_CARRIER_V1,CONSTRUCTED_DEMO,B02,broad_row_change,ALL9,6,MC,MW,probe,scheduled_all_sites,-32.0,0.0,32.0,0,0.75,17.396,13.3
DEMO_EXCHANGED_CARRIER_V1,CONSTRUCTED_DEMO,B02,broad_row_change,ALL9,7,MW,NW,probe,scheduled_all_sites,-32.0,24.0,24.0,0,0.75,6.176,-0.8
DEMO_EXCHANGED_CARRIER_V1,CONSTRUCTED_DEMO,B02,broad_row_change,ALL9,8,NW,NC,probe,scheduled_all_sites,0.0,24.0,32.0,0,0.75,2.88,0.0
DEMO_EXCHANGED_CARRIER_V1,CONSTRUCTED_DEMO,B02,broad_row_change,ALL9,9,NC,NE,probe,scheduled_all_sites,32.0,24.0,32.0,0,0.75,7.776,0.8
DEMO_EXCHANGED_CARRIER_V1,CONSTRUCTED_DEMO,B02,broad_row_change,ALL9,10,NE,PARK,return,return_before_acquisition,-40.0,-30.0,90.0,1,0,,
DEMO_EXCHANGED_CARRIER_V1,CONSTRUCTED_DEMO,B02,broad_row_change,ROW3,1,PARK,SC,probe,row_sentinel,0.0,-24.0,40.44749683,0,0.75,2.63,-0.25
DEMO_EXCHANGED_CARRIER_V1,CONSTRUCTED_DEMO,B02,broad_row_change,ROW3,2,SC,MC,probe,row_sentinel,0.0,0.0,24.0,0,0.75,11.0,11.0
DEMO_EXCHANGED_CARRIER_V1,CONSTRUCTED_DEMO,B02,broad_row_change,ROW3,3,MC,MW,probe,triggered_row_refresh,-32.0,0.0,32.0,0,0.75,17.396,13.3
DEMO_EXCHANGED_CARRIER_V1,CONSTRUCTED_DEMO,B02,broad_row_change,ROW3,4,MW,ME,probe,triggered_row_refresh,32.0,0.0,64.0,0,0.75,15.896,11.8
DEMO_EXCHANGED_CARRIER_V1,CONSTRUCTED_DEMO,B02,broad_row_change,ROW3,5,ME,NC,probe,row_sentinel,0.0,24.0,40.0,1,0.75,2.88,0.0
DEMO_EXCHANGED_CARRIER_V1,CONSTRUCTED_DEMO,B02,broad_row_change,ROW3,6,NC,PARK,return,return_before_acquisition,-40.0,-30.0,67.20119047,1,0,,
DEMO_EXCHANGED_CARRIER_V1,CONSTRUCTED_DEMO,B02,broad_row_change,SHIFT3,1,PARK,SC,probe,row_sentinel,0.0,-24.0,40.44749683,0,0.75,2.63,-0.25
DEMO_EXCHANGED_CARRIER_V1,CONSTRUCTED_DEMO,B02,broad_row_change,SHIFT3,2,SC,MC,probe,row_sentinel,0.0,0.0,24.0,0,0.75,11.0,11.0
DEMO_EXCHANGED_CARRIER_V1,CONSTRUCTED_DEMO,B02,broad_row_change,SHIFT3,3,MC,NC,probe,row_sentinel,0.0,24.0,24.0,1,0.75,2.88,0.0
DEMO_EXCHANGED_CARRIER_V1,CONSTRUCTED_DEMO,B02,broad_row_change,SHIFT3,4,NC,PARK,return,return_before_acquisition,-40.0,-30.0,67.20119047,1,0,,
DEMO_EXCHANGED_CARRIER_V1,CONSTRUCTED_DEMO,B03,broad_row_change,ALL9,1,PARK,SW,probe,scheduled_all_sites,-32.0,-24.0,10.0,0,0.75,20.726,13.75
DEMO_EXCHANGED_CARRIER_V1,CONSTRUCTED_DEMO,B03,broad_row_change,ALL9,2,SW,SC,probe,scheduled_all_sites,0.0,-24.0,32.0,0,0.75,17.43,14.55
DEMO_EXCHANGED_CARRIER_V1,CONSTRUCTED_DEMO,B03,broad_row_change,ALL9,3,SC,SE,probe,scheduled_all_sites,32.0,-24.0,32.0,0,0.75,20.576,13.6
DEMO_EXCHANGED_CARRIER_V1,CONSTRUCTED_DEMO,B03,broad_row_change,ALL9,4,SE,ME,probe,scheduled_all_sites,32.0,0.0,24.0,0,0.75,4.696,0.6
DEMO_EXCHANGED_CARRIER_V1,CONSTRUCTED_DEMO,B03,broad_row_change,ALL9,5,ME,MC,probe,scheduled_all_sites,0.0,0.0,32.0,0,0.75,-0.2,-0.2
DEMO_EXCHANGED_CARRIER_V1,CONSTRUCTED_DEMO,B03,broad_row_change,ALL9,6,MC,MW,probe,scheduled_all_sites,-32.0,0.0,32.0,0,0.75,3.096,-1.0
DEMO_EXCHANGED_CARRIER_V1,CONSTRUCTED_DEMO,B03,broad_row_change,ALL9,7,MW,NW,probe,scheduled_all_sites,-32.0,24.0,24.0,0,0.75,6.976,0.0
DEMO_EXCHANGED_CARRIER_V1,CONSTRUCTED_DEMO,B03,broad_row_change,ALL9,8,NW,NC,probe,scheduled_all_sites,0.0,24.0,32.0,0,0.75,3.68,0.8
DEMO_EXCHANGED_CARRIER_V1,CONSTRUCTED_DEMO,B03,broad_row_change,ALL9,9,NC,NE,probe,scheduled_all_sites,32.0,24.0,32.0,0,0.75,7.226,0.25
DEMO_EXCHANGED_CARRIER_V1,CONSTRUCTED_DEMO,B03,broad_row_change,ALL9,10,NE,PARK,return,return_before_acquisition,-40.0,-30.0,90.0,1,0,,
DEMO_EXCHANGED_CARRIER_V1,CONSTRUCTED_DEMO,B03,broad_row_change,ROW3,1,PARK,SC,probe,row_sentinel,0.0,-24.0,40.44749683,0,0.75,17.43,14.55
DEMO_EXCHANGED_CARRIER_V1,CONSTRUCTED_DEMO,B03,broad_row_change,ROW3,2,SC,SW,probe,triggered_row_refresh,-32.0,-24.0,32.0,0,0.75,20.726,13.75
DEMO_EXCHANGED_CARRIER_V1,CONSTRUCTED_DEMO,B03,broad_row_change,ROW3,3,SW,SE,probe,triggered_row_refresh,32.0,-24.0,64.0,0,0.75,20.576,13.6
DEMO_EXCHANGED_CARRIER_V1,CONSTRUCTED_DEMO,B03,broad_row_change,ROW3,4,SE,MC,probe,row_sentinel,0.0,0.0,40.0,0,0.75,-0.2,-0.2
DEMO_EXCHANGED_CARRIER_V1,CONSTRUCTED_DEMO,B03,broad_row_change,ROW3,5,MC,NC,probe,row_sentinel,0.0,24.0,24.0,1,0.75,3.68,0.8
DEMO_EXCHANGED_CARRIER_V1,CONSTRUCTED_DEMO,B03,broad_row_change,ROW3,6,NC,PARK,return,return_before_acquisition,-40.0,-30.0,67.20119047,1,0,,
DEMO_EXCHANGED_CARRIER_V1,CONSTRUCTED_DEMO,B03,broad_row_change,SHIFT3,1,PARK,SC,probe,row_sentinel,0.0,-24.0,40.44749683,0,0.75,17.43,14.55
DEMO_EXCHANGED_CARRIER_V1,CONSTRUCTED_DEMO,B03,broad_row_change,SHIFT3,2,SC,MC,probe,row_sentinel,0.0,0.0,24.0,0,0.75,-0.2,-0.2
DEMO_EXCHANGED_CARRIER_V1,CONSTRUCTED_DEMO,B03,broad_row_change,SHIFT3,3,MC,NC,probe,row_sentinel,0.0,24.0,24.0,1,0.75,3.68,0.8
DEMO_EXCHANGED_CARRIER_V1,CONSTRUCTED_DEMO,B03,broad_row_change,SHIFT3,4,NC,PARK,return,return_before_acquisition,-40.0,-30.0,67.20119047,1,0,,
DEMO_EXCHANGED_CARRIER_V1,CONSTRUCTED_DEMO,B04,broad_row_change,ALL9,1,PARK,SW,probe,scheduled_all_sites,-32.0,-24.0,10.0,0,0.75,7.526,0.55
DEMO_EXCHANGED_CARRIER_V1,CONSTRUCTED_DEMO,B04,broad_row_change,ALL9,2,SW,SC,probe,scheduled_all_sites,0.0,-24.0,32.0,0,0.75,2.48,-0.4
DEMO_EXCHANGED_CARRIER_V1,CONSTRUCTED_DEMO,B04,broad_row_change,ALL9,3,SC,SE,probe,scheduled_all_sites,32.0,-24.0,32.0,0,0.75,6.026,-0.95
DEMO_EXCHANGED_CARRIER_V1,CONSTRUCTED_DEMO,B04,broad_row_change,ALL9,4,SE,ME,probe,scheduled_all_sites,32.0,0.0,24.0,0,0.75,4.146,0.05
DEMO_EXCHANGED_CARRIER_V1,CONSTRUCTED_DEMO,B04,broad_row_change,ALL9,5,ME,MC,probe,scheduled_all_sites,0.0,0.0,32.0,0,0.75,0.6,0.6
DEMO_EXCHANGED_CARRIER_V1,CONSTRUCTED_DEMO,B04,broad_row_change,ALL9,6,MC,MW,probe,scheduled_all_sites,-32.0,0.0,32.0,0,0.75,3.896,-0.2
DEMO_EXCHANGED_CARRIER_V1,CONSTRUCTED_DEMO,B04,broad_row_change,ALL9,7,MW,NW,probe,scheduled_all_sites,-32.0,24.0,24.0,0,0.75,-7.224,-14.2
DEMO_EXCHANGED_CARRIER_V1,CONSTRUCTED_DEMO,B04,broad_row_change,ALL9,8,NW,NC,probe,scheduled_all_sites,0.0,24.0,32.0,0,0.75,-11.87,-14.75
DEMO_EXCHANGED_CARRIER_V1,CONSTRUCTED_DEMO,B04,broad_row_change,ALL9,9,NC,NE,probe,scheduled_all_sites,32.0,24.0,32.0,0,0.75,-8.724,-15.7
DEMO_EXCHANGED_CARRIER_V1,CONSTRUCTED_DEMO,B04,broad_row_change,ALL9,10,NE,PARK,return,return_before_acquisition,-40.0,-30.0,90.0,1,0,,
DEMO_EXCHANGED_CARRIER_V1,CONSTRUCTED_DEMO,B04,broad_row_change,ROW3,1,PARK,SC,probe,row_sentinel,0.0,-24.0,40.44749683,0,0.75,2.48,-0.4
DEMO_EXCHANGED_CARRIER_V1,CONSTRUCTED_DEMO,B04,broad_row_change,ROW3,2,SC,MC,probe,row_sentinel,0.0,0.0,24.0,0,0.75,0.6,0.6
DEMO_EXCHANGED_CARRIER_V1,CONSTRUCTED_DEMO,B04,broad_row_change,ROW3,3,MC,NC,probe,row_sentinel,0.0,24.0,24.0,1,0.75,-11.87,-14.75
DEMO_EXCHANGED_CARRIER_V1,CONSTRUCTED_DEMO,B04,broad_row_change,ROW3,4,NC,NW,probe,triggered_row_refresh,-32.0,24.0,32.0,0,0.75,-7.224,-14.2
DEMO_EXCHANGED_CARRIER_V1,CONSTRUCTED_DEMO,B04,broad_row_change,ROW3,5,NW,NE,probe,triggered_row_refresh,32.0,24.0,64.0,0,0.75,-8.724,-15.7
DEMO_EXCHANGED_CARRIER_V1,CONSTRUCTED_DEMO,B04,broad_row_change,ROW3,6,NE,PARK,return,return_before_acquisition,-40.0,-30.0,90.0,1,0,,
DEMO_EXCHANGED_CARRIER_V1,CONSTRUCTED_DEMO,B04,broad_row_change,SHIFT3,1,PARK,SC,probe,row_sentinel,0.0,-24.0,40.44749683,0,0.75,2.48,-0.4
DEMO_EXCHANGED_CARRIER_V1,CONSTRUCTED_DEMO,B04,broad_row_change,SHIFT3,2,SC,MC,probe,row_sentinel,0.0,0.0,24.0,0,0.75,0.6,0.6
DEMO_EXCHANGED_CARRIER_V1,CONSTRUCTED_DEMO,B04,broad_row_change,SHIFT3,3,MC,NC,probe,row_sentinel,0.0,24.0,24.0,1,0.75,-11.87,-14.75
DEMO_EXCHANGED_CARRIER_V1,CONSTRUCTED_DEMO,B04,broad_row_change,SHIFT3,4,NC,PARK,return,return_before_acquisition,-40.0,-30.0,67.20119047,1,0,,
DEMO_EXCHANGED_CARRIER_V1,CONSTRUCTED_DEMO,B05,broad_row_change,ALL9,1,PARK,SW,probe,scheduled_all_sites,-32.0,-24.0,10.0,0,0.75,18.576,11.6
DEMO_EXCHANGED_CARRIER_V1,CONSTRUCTED_DEMO,B05,broad_row_change,ALL9,2,SW,SC,probe,scheduled_all_sites,0.0,-24.0,32.0,0,0.75,13.93,11.05
DEMO_EXCHANGED_CARRIER_V1,CONSTRUCTED_DEMO,B05,broad_row_change,ALL9,3,SC,SE,probe,scheduled_all_sites,32.0,-24.0,32.0,0,0.75,18.826,11.85
DEMO_EXCHANGED_CARRIER_V1,CONSTRUCTED_DEMO,B05,broad_row_change,ALL9,4,SE,ME,probe,scheduled_all_sites,32.0,0.0,24.0,0,0.75,4.946,0.85
DEMO_EXCHANGED_CARRIER_V1,CONSTRUCTED_DEMO,B05,broad_row_change,ALL9,5,ME,MC,probe,scheduled_all_sites,0.0,0.0,32.0,0,0.75,0.05,0.05
DEMO_EXCHANGED_CARRIER_V1,CONSTRUCTED_DEMO,B05,broad_row_change,ALL9,6,MC,MW,probe,scheduled_all_sites,-32.0,0.0,32.0,0,0.75,4.696,0.6
DEMO_EXCHANGED_CARRIER_V1,CONSTRUCTED_DEMO,B05,broad_row_change,ALL9,7,MW,NW,probe,scheduled_all_sites,-32.0,24.0,24.0,0,0.75,-6.774,-13.75
DEMO_EXCHANGED_CARRIER_V1,CONSTRUCTED_DEMO,B05,broad_row_change,ALL9,8,NW,NC,probe,scheduled_all_sites,0.0,24.0,32.0,0,0.75,-11.82,-14.7
DEMO_EXCHANGED_CARRIER_V1,CONSTRUCTED_DEMO,B05,broad_row_change,ALL9,9,NC,NE,probe,scheduled_all_sites,32.0,24.0,32.0,0,0.75,-6.924,-13.9
DEMO_EXCHANGED_CARRIER_V1,CONSTRUCTED_DEMO,B05,broad_row_change,ALL9,10,NE,PARK,return,return_before_acquisition,-40.0,-30.0,90.0,1,0,,
DEMO_EXCHANGED_CARRIER_V1,CONSTRUCTED_DEMO,B05,broad_row_change,ROW3,1,PARK,SC,probe,row_sentinel,0.0,-24.0,40.44749683,0,0.75,13.93,11.05
DEMO_EXCHANGED_CARRIER_V1,CONSTRUCTED_DEMO,B05,broad_row_change,ROW3,2,SC,SW,probe,triggered_row_refresh,-32.0,-24.0,32.0,0,0.75,18.576,11.6
DEMO_EXCHANGED_CARRIER_V1,CONSTRUCTED_DEMO,B05,broad_row_change,ROW3,3,SW,SE,probe,triggered_row_refresh,32.0,-24.0,64.0,0,0.75,18.826,11.85
DEMO_EXCHANGED_CARRIER_V1,CONSTRUCTED_DEMO,B05,broad_row_change,ROW3,4,SE,MC,probe,row_sentinel,0.0,0.0,40.0,0,0.75,0.05,0.05
DEMO_EXCHANGED_CARRIER_V1,CONSTRUCTED_DEMO,B05,broad_row_change,ROW3,5,MC,NC,probe,row_sentinel,0.0,24.0,24.0,1,0.75,-11.82,-14.7
DEMO_EXCHANGED_CARRIER_V1,CONSTRUCTED_DEMO,B05,broad_row_change,ROW3,6,NC,NW,probe,triggered_row_refresh,-32.0,24.0,32.0,0,0.75,-6.774,-13.75
DEMO_EXCHANGED_CARRIER_V1,CONSTRUCTED_DEMO,B05,broad_row_change,ROW3,7,NW,NE,probe,triggered_row_refresh,32.0,24.0,64.0,0,0.75,-6.924,-13.9
DEMO_EXCHANGED_CARRIER_V1,CONSTRUCTED_DEMO,B05,broad_row_change,ROW3,8,NE,PARK,return,return_before_acquisition,-40.0,-30.0,90.0,1,0,,
DEMO_EXCHANGED_CARRIER_V1,CONSTRUCTED_DEMO,B05,broad_row_change,SHIFT3,1,PARK,SC,probe,row_sentinel,0.0,-24.0,40.44749683,0,0.75,13.93,11.05
DEMO_EXCHANGED_CARRIER_V1,CONSTRUCTED_DEMO,B05,broad_row_change,SHIFT3,2,SC,MC,probe,row_sentinel,0.0,0.0,24.0,0,0.75,0.05,0.05
DEMO_EXCHANGED_CARRIER_V1,CONSTRUCTED_DEMO,B05,broad_row_change,SHIFT3,3,MC,NC,probe,row_sentinel,0.0,24.0,24.0,1,0.75,-11.82,-14.7
DEMO_EXCHANGED_CARRIER_V1,CONSTRUCTED_DEMO,B05,broad_row_change,SHIFT3,4,NC,PARK,return,return_before_acquisition,-40.0,-30.0,67.20119047,1,0,,
DEMO_EXCHANGED_CARRIER_V1,CONSTRUCTED_DEMO,B06,broad_row_change,ALL9,1,PARK,SW,probe,scheduled_all_sites,-32.0,-24.0,10.0,0,0.75,6.026,-0.95
DEMO_EXCHANGED_CARRIER_V1,CONSTRUCTED_DEMO,B06,broad_row_change,ALL9,2,SW,SC,probe,scheduled_all_sites,0.0,-24.0,32.0,0,0.75,2.73,-0.15
DEMO_EXCHANGED_CARRIER_V1,CONSTRUCTED_DEMO,B06,broad_row_change,ALL9,3,SC,SE,probe,scheduled_all_sites,32.0,-24.0,32.0,0,0.75,7.626,0.65
DEMO_EXCHANGED_CARRIER_V1,CONSTRUCTED_DEMO,B06,broad_row_change,ALL9,4,SE,ME,probe,scheduled_all_sites,32.0,0.0,24.0,0,0.75,19.996,15.9
DEMO_EXCHANGED_CARRIER_V1,CONSTRUCTED_DEMO,B06,broad_row_change,ALL9,5,ME,MC,probe,scheduled_all_sites,0.0,0.0,32.0,0,0.75,16.85,16.85
DEMO_EXCHANGED_CARRIER_V1,CONSTRUCTED_DEMO,B06,broad_row_change,ALL9,6,MC,MW,probe,scheduled_all_sites,-32.0,0.0,32.0,0,0.75,20.146,16.05
DEMO_EXCHANGED_CARRIER_V1,CONSTRUCTED_DEMO,B06,broad_row_change,ALL9,7,MW,NW,probe,scheduled_all_sites,-32.0,24.0,24.0,0,0.75,20.276,13.3
DEMO_EXCHANGED_CARRIER_V1,CONSTRUCTED_DEMO,B06,broad_row_change,ALL9,8,NW,NC,probe,scheduled_all_sites,0.0,24.0,32.0,0,0.75,16.98,14.1
DEMO_EXCHANGED_CARRIER_V1,CONSTRUCTED_DEMO,B06,broad_row_change,ALL9,9,NC,NE,probe,scheduled_all_sites,32.0,24.0,32.0,0,0.75,20.526,13.55
DEMO_EXCHANGED_CARRIER_V1,CONSTRUCTED_DEMO,B06,broad_row_change,ALL9,10,NE,PARK,return,return_before_acquisition,-40.0,-30.0,90.0,1,0,,
DEMO_EXCHANGED_CARRIER_V1,CONSTRUCTED_DEMO,B06,broad_row_change,ROW3,1,PARK,SC,probe,row_sentinel,0.0,-24.0,40.44749683,0,0.75,2.73,-0.15
DEMO_EXCHANGED_CARRIER_V1,CONSTRUCTED_DEMO,B06,broad_row_change,ROW3,2,SC,MC,probe,row_sentinel,0.0,0.0,24.0,0,0.75,16.85,16.85
DEMO_EXCHANGED_CARRIER_V1,CONSTRUCTED_DEMO,B06,broad_row_change,ROW3,3,MC,MW,probe,triggered_row_refresh,-32.0,0.0,32.0,0,0.75,20.146,16.05
DEMO_EXCHANGED_CARRIER_V1,CONSTRUCTED_DEMO,B06,broad_row_change,ROW3,4,MW,ME,probe,triggered_row_refresh,32.0,0.0,64.0,0,0.75,19.996,15.9
DEMO_EXCHANGED_CARRIER_V1,CONSTRUCTED_DEMO,B06,broad_row_change,ROW3,5,ME,NC,probe,row_sentinel,0.0,24.0,40.0,1,0.75,16.98,14.1
DEMO_EXCHANGED_CARRIER_V1,CONSTRUCTED_DEMO,B06,broad_row_change,ROW3,6,NC,NW,probe,triggered_row_refresh,-32.0,24.0,32.0,0,0.75,20.276,13.3
DEMO_EXCHANGED_CARRIER_V1,CONSTRUCTED_DEMO,B06,broad_row_change,ROW3,7,NW,NE,probe,triggered_row_refresh,32.0,24.0,64.0,0,0.75,20.526,13.55
DEMO_EXCHANGED_CARRIER_V1,CONSTRUCTED_DEMO,B06,broad_row_change,ROW3,8,NE,PARK,return,return_before_acquisition,-40.0,-30.0,90.0,1,0,,
DEMO_EXCHANGED_CARRIER_V1,CONSTRUCTED_DEMO,B06,broad_row_change,SHIFT3,1,PARK,SC,probe,row_sentinel,0.0,-24.0,40.44749683,0,0.75,2.73,-0.15
DEMO_EXCHANGED_CARRIER_V1,CONSTRUCTED_DEMO,B06,broad_row_change,SHIFT3,2,SC,MC,probe,row_sentinel,0.0,0.0,24.0,0,0.75,16.85,16.85
DEMO_EXCHANGED_CARRIER_V1,CONSTRUCTED_DEMO,B06,broad_row_change,SHIFT3,3,MC,NC,probe,row_sentinel,0.0,24.0,24.0,1,0.75,16.98,14.1
DEMO_EXCHANGED_CARRIER_V1,CONSTRUCTED_DEMO,B06,broad_row_change,SHIFT3,4,NC,PARK,return,return_before_acquisition,-40.0,-30.0,67.20119047,1,0,,
DEMO_EXCHANGED_CARRIER_V1,CONSTRUCTED_DEMO,B07,broad_row_change,ALL9,1,PARK,SW,probe,scheduled_all_sites,-32.0,-24.0,10.0,0,0.75,20.826,13.85
DEMO_EXCHANGED_CARRIER_V1,CONSTRUCTED_DEMO,B07,broad_row_change,ALL9,2,SW,SC,probe,scheduled_all_sites,0.0,-24.0,32.0,0,0.75,17.53,14.65
DEMO_EXCHANGED_CARRIER_V1,CONSTRUCTED_DEMO,B07,broad_row_change,ALL9,3,SC,SE,probe,scheduled_all_sites,32.0,-24.0,32.0,0,0.75,21.076,14.1
DEMO_EXCHANGED_CARRIER_V1,CONSTRUCTED_DEMO,B07,broad_row_change,ALL9,4,SE,ME,probe,scheduled_all_sites,32.0,0.0,24.0,0,0.75,-12.554,-16.65
DEMO_EXCHANGED_CARRIER_V1,CONSTRUCTED_DEMO,B07,broad_row_change,ALL9,5,ME,MC,probe,scheduled_all_sites,0.0,0.0,32.0,0,0.75,-16.1,-16.1
DEMO_EXCHANGED_CARRIER_V1,CONSTRUCTED_DEMO,B07,broad_row_change,ALL9,6,MC,MW,probe,scheduled_all_sites,-32.0,0.0,32.0,0,0.75,-11.054,-15.15
DEMO_EXCHANGED_CARRIER_V1,CONSTRUCTED_DEMO,B07,broad_row_change,ALL9,7,MW,NW,probe,scheduled_all_sites,-32.0,24.0,24.0,0,0.75,22.076,15.1
DEMO_EXCHANGED_CARRIER_V1,CONSTRUCTED_DEMO,B07,broad_row_change,ALL9,8,NW,NC,probe,scheduled_all_sites,0.0,24.0,32.0,0,0.75,17.43,14.55
DEMO_EXCHANGED_CARRIER_V1,CONSTRUCTED_DEMO,B07,broad_row_change,ALL9,9,NC,NE,probe,scheduled_all_sites,32.0,24.0,32.0,0,0.75,22.326,15.35
DEMO_EXCHANGED_CARRIER_V1,CONSTRUCTED_DEMO,B07,broad_row_change,ALL9,10,NE,PARK,return,return_before_acquisition,-40.0,-30.0,90.0,1,0,,
DEMO_EXCHANGED_CARRIER_V1,CONSTRUCTED_DEMO,B07,broad_row_change,ROW3,1,PARK,SC,probe,row_sentinel,0.0,-24.0,40.44749683,0,0.75,17.53,14.65
DEMO_EXCHANGED_CARRIER_V1,CONSTRUCTED_DEMO,B07,broad_row_change,ROW3,2,SC,SW,probe,triggered_row_refresh,-32.0,-24.0,32.0,0,0.75,20.826,13.85
DEMO_EXCHANGED_CARRIER_V1,CONSTRUCTED_DEMO,B07,broad_row_change,ROW3,3,SW,SE,probe,triggered_row_refresh,32.0,-24.0,64.0,0,0.75,21.076,14.1
DEMO_EXCHANGED_CARRIER_V1,CONSTRUCTED_DEMO,B07,broad_row_change,ROW3,4,SE,MC,probe,row_sentinel,0.0,0.0,40.0,0,0.75,-16.1,-16.1
DEMO_EXCHANGED_CARRIER_V1,CONSTRUCTED_DEMO,B07,broad_row_change,ROW3,5,MC,MW,probe,triggered_row_refresh,-32.0,0.0,32.0,0,0.75,-11.054,-15.15
DEMO_EXCHANGED_CARRIER_V1,CONSTRUCTED_DEMO,B07,broad_row_change,ROW3,6,MW,ME,probe,triggered_row_refresh,32.0,0.0,64.0,0,0.75,-12.554,-16.65
DEMO_EXCHANGED_CARRIER_V1,CONSTRUCTED_DEMO,B07,broad_row_change,ROW3,7,ME,NC,probe,row_sentinel,0.0,24.0,40.0,1,0.75,17.43,14.55
DEMO_EXCHANGED_CARRIER_V1,CONSTRUCTED_DEMO,B07,broad_row_change,ROW3,8,NC,NW,probe,triggered_row_refresh,-32.0,24.0,32.0,0,0.75,22.076,15.1
DEMO_EXCHANGED_CARRIER_V1,CONSTRUCTED_DEMO,B07,broad_row_change,ROW3,9,NW,NE,probe,triggered_row_refresh,32.0,24.0,64.0,0,0.75,22.326,15.35
DEMO_EXCHANGED_CARRIER_V1,CONSTRUCTED_DEMO,B07,broad_row_change,ROW3,10,NE,PARK,return,return_before_acquisition,-40.0,-30.0,90.0,1,0,,
DEMO_EXCHANGED_CARRIER_V1,CONSTRUCTED_DEMO,B07,broad_row_change,SHIFT3,1,PARK,SC,probe,row_sentinel,0.0,-24.0,40.44749683,0,0.75,17.53,14.65
DEMO_EXCHANGED_CARRIER_V1,CONSTRUCTED_DEMO,B07,broad_row_change,SHIFT3,2,SC,MC,probe,row_sentinel,0.0,0.0,24.0,0,0.75,-16.1,-16.1
DEMO_EXCHANGED_CARRIER_V1,CONSTRUCTED_DEMO,B07,broad_row_change,SHIFT3,3,MC,NC,probe,row_sentinel,0.0,24.0,24.0,1,0.75,17.43,14.55
DEMO_EXCHANGED_CARRIER_V1,CONSTRUCTED_DEMO,B07,broad_row_change,SHIFT3,4,NC,PARK,return,return_before_acquisition,-40.0,-30.0,67.20119047,1,0,,
DEMO_EXCHANGED_CARRIER_V1,CONSTRUCTED_DEMO,B08,broad_row_change,ALL9,1,PARK,SW,probe,scheduled_all_sites,-32.0,-24.0,10.0,0,0.75,-10.374,-17.35
DEMO_EXCHANGED_CARRIER_V1,CONSTRUCTED_DEMO,B08,broad_row_change,ALL9,2,SW,SC,probe,scheduled_all_sites,0.0,-24.0,32.0,0,0.75,-15.02,-17.9
DEMO_EXCHANGED_CARRIER_V1,CONSTRUCTED_DEMO,B08,broad_row_change,ALL9,3,SC,SE,probe,scheduled_all_sites,32.0,-24.0,32.0,0,0.75,-11.874,-18.85
DEMO_EXCHANGED_CARRIER_V1,CONSTRUCTED_DEMO,B08,broad_row_change,ALL9,4,SE,ME,probe,scheduled_all_sites,32.0,0.0,24.0,0,0.75,18.246,14.15
DEMO_EXCHANGED_CARRIER_V1,CONSTRUCTED_DEMO,B08,broad_row_change,ALL9,5,ME,MC,probe,scheduled_all_sites,0.0,0.0,32.0,0,0.75,13.35,13.35
DEMO_EXCHANGED_CARRIER_V1,CONSTRUCTED_DEMO,B08,broad_row_change,ALL9,6,MC,MW,probe,scheduled_all_sites,-32.0,0.0,32.0,0,0.75,17.996,13.9
DEMO_EXCHANGED_CARRIER_V1,CONSTRUCTED_DEMO,B08,broad_row_change,ALL9,7,MW,NW,probe,scheduled_all_sites,-32.0,24.0,24.0,0,0.75,-9.474,-16.45
DEMO_EXCHANGED_CARRIER_V1,CONSTRUCTED_DEMO,B08,broad_row_change,ALL9,8,NW,NC,probe,scheduled_all_sites,0.0,24.0,32.0,0,0.75,-12.77,-15.65
DEMO_EXCHANGED_CARRIER_V1,CONSTRUCTED_DEMO,B08,broad_row_change,ALL9,9,NC,NE,probe,scheduled_all_sites,32.0,24.0,32.0,0,0.75,-7.874,-14.85
DEMO_EXCHANGED_CARRIER_V1,CONSTRUCTED_DEMO,B08,broad_row_change,ALL9,10,NE,PARK,return,return_before_acquisition,-40.0,-30.0,90.0,1,0,,
DEMO_EXCHANGED_CARRIER_V1,CONSTRUCTED_DEMO,B08,broad_row_change,ROW3,1,PARK,SC,probe,row_sentinel,0.0,-24.0,40.44749683,0,0.75,-15.02,-17.9
DEMO_EXCHANGED_CARRIER_V1,CONSTRUCTED_DEMO,B08,broad_row_change,ROW3,2,SC,SW,probe,triggered_row_refresh,-32.0,-24.0,32.0,0,0.75,-10.374,-17.35
DEMO_EXCHANGED_CARRIER_V1,CONSTRUCTED_DEMO,B08,broad_row_change,ROW3,3,SW,SE,probe,triggered_row_refresh,32.0,-24.0,64.0,0,0.75,-11.874,-18.85
DEMO_EXCHANGED_CARRIER_V1,CONSTRUCTED_DEMO,B08,broad_row_change,ROW3,4,SE,MC,probe,row_sentinel,0.0,0.0,40.0,0,0.75,13.35,13.35
DEMO_EXCHANGED_CARRIER_V1,CONSTRUCTED_DEMO,B08,broad_row_change,ROW3,5,MC,MW,probe,triggered_row_refresh,-32.0,0.0,32.0,0,0.75,17.996,13.9
DEMO_EXCHANGED_CARRIER_V1,CONSTRUCTED_DEMO,B08,broad_row_change,ROW3,6,MW,ME,probe,triggered_row_refresh,32.0,0.0,64.0,0,0.75,18.246,14.15
DEMO_EXCHANGED_CARRIER_V1,CONSTRUCTED_DEMO,B08,broad_row_change,ROW3,7,ME,NC,probe,row_sentinel,0.0,24.0,40.0,1,0.75,-12.77,-15.65
DEMO_EXCHANGED_CARRIER_V1,CONSTRUCTED_DEMO,B08,broad_row_change,ROW3,8,NC,NW,probe,triggered_row_refresh,-32.0,24.0,32.0,0,0.75,-9.474,-16.45
DEMO_EXCHANGED_CARRIER_V1,CONSTRUCTED_DEMO,B08,broad_row_change,ROW3,9,NW,NE,probe,triggered_row_refresh,32.0,24.0,64.0,0,0.75,-7.874,-14.85
DEMO_EXCHANGED_CARRIER_V1,CONSTRUCTED_DEMO,B08,broad_row_change,ROW3,10,NE,PARK,return,return_before_acquisition,-40.0,-30.0,90.0,1,0,,
DEMO_EXCHANGED_CARRIER_V1,CONSTRUCTED_DEMO,B08,broad_row_change,SHIFT3,1,PARK,SC,probe,row_sentinel,0.0,-24.0,40.44749683,0,0.75,-15.02,-17.9
DEMO_EXCHANGED_CARRIER_V1,CONSTRUCTED_DEMO,B08,broad_row_change,SHIFT3,2,SC,MC,probe,row_sentinel,0.0,0.0,24.0,0,0.75,13.35,13.35
DEMO_EXCHANGED_CARRIER_V1,CONSTRUCTED_DEMO,B08,broad_row_change,SHIFT3,3,MC,NC,probe,row_sentinel,0.0,24.0,24.0,1,0.75,-12.77,-15.65
DEMO_EXCHANGED_CARRIER_V1,CONSTRUCTED_DEMO,B08,broad_row_change,SHIFT3,4,NC,PARK,return,return_before_acquisition,-40.0,-30.0,67.20119047,1,0,,
DEMO_EXCHANGED_CARRIER_V1,CONSTRUCTED_DEMO,E01,east_local_change,ALL9,1,PARK,SW,probe,scheduled_all_sites,-32.0,-24.0,10.0,0,0.75,8.076,1.1
DEMO_EXCHANGED_CARRIER_V1,CONSTRUCTED_DEMO,E01,east_local_change,ALL9,2,SW,SC,probe,scheduled_all_sites,0.0,-24.0,32.0,0,0.75,3.03,0.15
DEMO_EXCHANGED_CARRIER_V1,CONSTRUCTED_DEMO,E01,east_local_change,ALL9,3,SC,SE,probe,scheduled_all_sites,32.0,-24.0,32.0,0,0.75,19.926,12.95
DEMO_EXCHANGED_CARRIER_V1,CONSTRUCTED_DEMO,E01,east_local_change,ALL9,4,SE,ME,probe,scheduled_all_sites,32.0,0.0,24.0,0,0.75,3.046,-1.05
DEMO_EXCHANGED_CARRIER_V1,CONSTRUCTED_DEMO,E01,east_local_change,ALL9,5,ME,MC,probe,scheduled_all_sites,0.0,0.0,32.0,0,0.75,-1.85,-1.85
DEMO_EXCHANGED_CARRIER_V1,CONSTRUCTED_DEMO,E01,east_local_change,ALL9,6,MC,MW,probe,scheduled_all_sites,-32.0,0.0,32.0,0,0.75,1.446,-2.65
DEMO_EXCHANGED_CARRIER_V1,CONSTRUCTED_DEMO,E01,east_local_change,ALL9,7,MW,NW,probe,scheduled_all_sites,-32.0,24.0,24.0,0,0.75,9.326,2.35
DEMO_EXCHANGED_CARRIER_V1,CONSTRUCTED_DEMO,E01,east_local_change,ALL9,8,NW,NC,probe,scheduled_all_sites,0.0,24.0,32.0,0,0.75,6.03,3.15
DEMO_EXCHANGED_CARRIER_V1,CONSTRUCTED_DEMO,E01,east_local_change,ALL9,9,NC,NE,probe,scheduled_all_sites,32.0,24.0,32.0,0,0.75,7.826,0.85
DEMO_EXCHANGED_CARRIER_V1,CONSTRUCTED_DEMO,E01,east_local_change,ALL9,10,NE,PARK,return,return_before_acquisition,-40.0,-30.0,90.0,1,0,,
DEMO_EXCHANGED_CARRIER_V1,CONSTRUCTED_DEMO,E01,east_local_change,ROW3,1,PARK,SC,probe,row_sentinel,0.0,-24.0,40.44749683,0,0.75,3.03,0.15
DEMO_EXCHANGED_CARRIER_V1,CONSTRUCTED_DEMO,E01,east_local_change,ROW3,2,SC,MC,probe,row_sentinel,0.0,0.0,24.0,0,0.75,-1.85,-1.85
DEMO_EXCHANGED_CARRIER_V1,CONSTRUCTED_DEMO,E01,east_local_change,ROW3,3,MC,NC,probe,row_sentinel,0.0,24.0,24.0,1,0.75,6.03,3.15
DEMO_EXCHANGED_CARRIER_V1,CONSTRUCTED_DEMO,E01,east_local_change,ROW3,4,NC,PARK,return,return_before_acquisition,-40.0,-30.0,67.20119047,1,0,,
DEMO_EXCHANGED_CARRIER_V1,CONSTRUCTED_DEMO,E01,east_local_change,SHIFT3,1,PARK,SC,probe,row_sentinel,0.0,-24.0,40.44749683,0,0.75,3.03,0.15
DEMO_EXCHANGED_CARRIER_V1,CONSTRUCTED_DEMO,E01,east_local_change,SHIFT3,2,SC,MC,probe,row_sentinel,0.0,0.0,24.0,0,0.75,-1.85,-1.85
DEMO_EXCHANGED_CARRIER_V1,CONSTRUCTED_DEMO,E01,east_local_change,SHIFT3,3,MC,NC,probe,row_sentinel,0.0,24.0,24.0,1,0.75,6.03,3.15
DEMO_EXCHANGED_CARRIER_V1,CONSTRUCTED_DEMO,E01,east_local_change,SHIFT3,4,NC,PARK,return,return_before_acquisition,-40.0,-30.0,67.20119047,1,0,,
DEMO_EXCHANGED_CARRIER_V1,CONSTRUCTED_DEMO,E02,east_local_change,ALL9,1,PARK,SW,probe,scheduled_all_sites,-32.0,-24.0,10.0,0,0.75,7.126,0.15
DEMO_EXCHANGED_CARRIER_V1,CONSTRUCTED_DEMO,E02,east_local_change,ALL9,2,SW,SC,probe,scheduled_all_sites,0.0,-24.0,32.0,0,0.75,3.83,0.95
DEMO_EXCHANGED_CARRIER_V1,CONSTRUCTED_DEMO,E02,east_local_change,ALL9,3,SC,SE,probe,scheduled_all_sites,32.0,-24.0,32.0,0,0.75,7.376,0.4
DEMO_EXCHANGED_CARRIER_V1,CONSTRUCTED_DEMO,E02,east_local_change,ALL9,4,SE,ME,probe,scheduled_all_sites,32.0,0.0,24.0,0,0.75,-11.504,-15.6
DEMO_EXCHANGED_CARRIER_V1,CONSTRUCTED_DEMO,E02,east_local_change,ALL9,5,ME,MC,probe,scheduled_all_sites,0.0,0.0,32.0,0,0.75,-1.05,-1.05
DEMO_EXCHANGED_CARRIER_V1,CONSTRUCTED_DEMO,E02,east_local_change,ALL9,6,MC,MW,probe,scheduled_all_sites,-32.0,0.0,32.0,0,0.75,2.246,-1.85
DEMO_EXCHANGED_CARRIER_V1,CONSTRUCTED_DEMO,E02,east_local_change,ALL9,7,MW,NW,probe,scheduled_all_sites,-32.0,24.0,24.0,0,0.75,10.126,3.15
DEMO_EXCHANGED_CARRIER_V1,CONSTRUCTED_DEMO,E02,east_local_change,ALL9,8,NW,NC,probe,scheduled_all_sites,0.0,24.0,32.0,0,0.75,3.73,0.85
DEMO_EXCHANGED_CARRIER_V1,CONSTRUCTED_DEMO,E02,east_local_change,ALL9,9,NC,NE,probe,scheduled_all_sites,32.0,24.0,32.0,0,0.75,8.626,1.65
DEMO_EXCHANGED_CARRIER_V1,CONSTRUCTED_DEMO,E02,east_local_change,ALL9,10,NE,PARK,return,return_before_acquisition,-40.0,-30.0,90.0,1,0,,
DEMO_EXCHANGED_CARRIER_V1,CONSTRUCTED_DEMO,E02,east_local_change,ROW3,1,PARK,SC,probe,row_sentinel,0.0,-24.0,40.44749683,0,0.75,3.83,0.95
DEMO_EXCHANGED_CARRIER_V1,CONSTRUCTED_DEMO,E02,east_local_change,ROW3,2,SC,MC,probe,row_sentinel,0.0,0.0,24.0,0,0.75,-1.05,-1.05
DEMO_EXCHANGED_CARRIER_V1,CONSTRUCTED_DEMO,E02,east_local_change,ROW3,3,MC,NC,probe,row_sentinel,0.0,24.0,24.0,1,0.75,3.73,0.85
DEMO_EXCHANGED_CARRIER_V1,CONSTRUCTED_DEMO,E02,east_local_change,ROW3,4,NC,PARK,return,return_before_acquisition,-40.0,-30.0,67.20119047,1,0,,
DEMO_EXCHANGED_CARRIER_V1,CONSTRUCTED_DEMO,E02,east_local_change,SHIFT3,1,PARK,SC,probe,row_sentinel,0.0,-24.0,40.44749683,0,0.75,3.83,0.95
DEMO_EXCHANGED_CARRIER_V1,CONSTRUCTED_DEMO,E02,east_local_change,SHIFT3,2,SC,MC,probe,row_sentinel,0.0,0.0,24.0,0,0.75,-1.05,-1.05
DEMO_EXCHANGED_CARRIER_V1,CONSTRUCTED_DEMO,E02,east_local_change,SHIFT3,3,MC,NC,probe,row_sentinel,0.0,24.0,24.0,1,0.75,3.73,0.85
DEMO_EXCHANGED_CARRIER_V1,CONSTRUCTED_DEMO,E02,east_local_change,SHIFT3,4,NC,PARK,return,return_before_acquisition,-40.0,-30.0,67.20119047,1,0,,
DEMO_EXCHANGED_CARRIER_V1,CONSTRUCTED_DEMO,E03,east_local_change,ALL9,1,PARK,SW,probe,scheduled_all_sites,-32.0,-24.0,10.0,0,0.75,7.926,0.95
DEMO_EXCHANGED_CARRIER_V1,CONSTRUCTED_DEMO,E03,east_local_change,ALL9,2,SW,SC,probe,scheduled_all_sites,0.0,-24.0,32.0,0,0.75,3.28,0.4
DEMO_EXCHANGED_CARRIER_V1,CONSTRUCTED_DEMO,E03,east_local_change,ALL9,3,SC,SE,probe,scheduled_all_sites,32.0,-24.0,32.0,0,0.75,8.176,1.2
DEMO_EXCHANGED_CARRIER_V1,CONSTRUCTED_DEMO,E03,east_local_change,ALL9,4,SE,ME,probe,scheduled_all_sites,32.0,0.0,24.0,0,0.75,1.546,-2.55
DEMO_EXCHANGED_CARRIER_V1,CONSTRUCTED_DEMO,E03,east_local_change,ALL9,5,ME,MC,probe,scheduled_all_sites,0.0,0.0,32.0,0,0.75,-1.6,-1.6
DEMO_EXCHANGED_CARRIER_V1,CONSTRUCTED_DEMO,E03,east_local_change,ALL9,6,MC,MW,probe,scheduled_all_sites,-32.0,0.0,32.0,0,0.75,3.046,-1.05
DEMO_EXCHANGED_CARRIER_V1,CONSTRUCTED_DEMO,E03,east_local_change,ALL9,7,MW,NW,probe,scheduled_all_sites,-32.0,24.0,24.0,0,0.75,7.826,0.85
DEMO_EXCHANGED_CARRIER_V1,CONSTRUCTED_DEMO,E03,east_local_change,ALL9,8,NW,NC,probe,scheduled_all_sites,0.0,24.0,32.0,0,0.75,4.53,1.65
DEMO_EXCHANGED_CARRIER_V1,CONSTRUCTED_DEMO,E03,east_local_change,ALL9,9,NC,NE,probe,scheduled_all_sites,32.0,24.0,32.0,0,0.75,25.426,18.45
DEMO_EXCHANGED_CARRIER_V1,CONSTRUCTED_DEMO,E03,east_local_change,ALL9,10,NE,PARK,return,return_before_acquisition,-40.0,-30.0,90.0,1,0,,
DEMO_EXCHANGED_CARRIER_V1,CONSTRUCTED_DEMO,E03,east_local_change,ROW3,1,PARK,SC,probe,row_sentinel,0.0,-24.0,40.44749683,0,0.75,3.28,0.4
DEMO_EXCHANGED_CARRIER_V1,CONSTRUCTED_DEMO,E03,east_local_change,ROW3,2,SC,MC,probe,row_sentinel,0.0,0.0,24.0,0,0.75,-1.6,-1.6
DEMO_EXCHANGED_CARRIER_V1,CONSTRUCTED_DEMO,E03,east_local_change,ROW3,3,MC,NC,probe,row_sentinel,0.0,24.0,24.0,1,0.75,4.53,1.65
DEMO_EXCHANGED_CARRIER_V1,CONSTRUCTED_DEMO,E03,east_local_change,ROW3,4,NC,PARK,return,return_before_acquisition,-40.0,-30.0,67.20119047,1,0,,
DEMO_EXCHANGED_CARRIER_V1,CONSTRUCTED_DEMO,E03,east_local_change,SHIFT3,1,PARK,SC,probe,row_sentinel,0.0,-24.0,40.44749683,0,0.75,3.28,0.4
DEMO_EXCHANGED_CARRIER_V1,CONSTRUCTED_DEMO,E03,east_local_change,SHIFT3,2,SC,MC,probe,row_sentinel,0.0,0.0,24.0,0,0.75,-1.6,-1.6
DEMO_EXCHANGED_CARRIER_V1,CONSTRUCTED_DEMO,E03,east_local_change,SHIFT3,3,MC,NC,probe,row_sentinel,0.0,24.0,24.0,1,0.75,4.53,1.65
DEMO_EXCHANGED_CARRIER_V1,CONSTRUCTED_DEMO,E03,east_local_change,SHIFT3,4,NC,PARK,return,return_before_acquisition,-40.0,-30.0,67.20119047,1,0,,
DEMO_EXCHANGED_CARRIER_V1,CONSTRUCTED_DEMO,E04,east_local_change,ALL9,1,PARK,SW,probe,scheduled_all_sites,-32.0,-24.0,10.0,0,0.75,7.376,0.4
DEMO_EXCHANGED_CARRIER_V1,CONSTRUCTED_DEMO,E04,east_local_change,ALL9,2,SW,SC,probe,scheduled_all_sites,0.0,-24.0,32.0,0,0.75,4.08,1.2
DEMO_EXCHANGED_CARRIER_V1,CONSTRUCTED_DEMO,E04,east_local_change,ALL9,3,SC,SE,probe,scheduled_all_sites,32.0,-24.0,32.0,0,0.75,-9.024,-16.0
DEMO_EXCHANGED_CARRIER_V1,CONSTRUCTED_DEMO,E04,east_local_change,ALL9,4,SE,ME,probe,scheduled_all_sites,32.0,0.0,24.0,0,0.75,2.346,-1.75
DEMO_EXCHANGED_CARRIER_V1,CONSTRUCTED_DEMO,E04,east_local_change,ALL9,5,ME,MC,probe,scheduled_all_sites,0.0,0.0,32.0,0,0.75,-2.55,-2.55
DEMO_EXCHANGED_CARRIER_V1,CONSTRUCTED_DEMO,E04,east_local_change,ALL9,6,MC,MW,probe,scheduled_all_sites,-32.0,0.0,32.0,0,0.75,2.496,-1.6
DEMO_EXCHANGED_CARRIER_V1,CONSTRUCTED_DEMO,E04,east_local_change,ALL9,7,MW,NW,probe,scheduled_all_sites,-32.0,24.0,24.0,0,0.75,8.626,1.65
DEMO_EXCHANGED_CARRIER_V1,CONSTRUCTED_DEMO,E04,east_local_change,ALL9,8,NW,NC,probe,scheduled_all_sites,0.0,24.0,32.0,0,0.75,5.33,2.45
DEMO_EXCHANGED_CARRIER_V1,CONSTRUCTED_DEMO,E04,east_local_change,ALL9,9,NC,NE,probe,scheduled_all_sites,32.0,24.0,32.0,0,0.75,8.876,1.9
DEMO_EXCHANGED_CARRIER_V1,CONSTRUCTED_DEMO,E04,east_local_change,ALL9,10,NE,PARK,return,return_before_acquisition,-40.0,-30.0,90.0,1,0,,
DEMO_EXCHANGED_CARRIER_V1,CONSTRUCTED_DEMO,E04,east_local_change,ROW3,1,PARK,SC,probe,row_sentinel,0.0,-24.0,40.44749683,0,0.75,4.08,1.2
DEMO_EXCHANGED_CARRIER_V1,CONSTRUCTED_DEMO,E04,east_local_change,ROW3,2,SC,MC,probe,row_sentinel,0.0,0.0,24.0,0,0.75,-2.55,-2.55
DEMO_EXCHANGED_CARRIER_V1,CONSTRUCTED_DEMO,E04,east_local_change,ROW3,3,MC,NC,probe,row_sentinel,0.0,24.0,24.0,1,0.75,5.33,2.45
DEMO_EXCHANGED_CARRIER_V1,CONSTRUCTED_DEMO,E04,east_local_change,ROW3,4,NC,PARK,return,return_before_acquisition,-40.0,-30.0,67.20119047,1,0,,
DEMO_EXCHANGED_CARRIER_V1,CONSTRUCTED_DEMO,E04,east_local_change,SHIFT3,1,PARK,SC,probe,row_sentinel,0.0,-24.0,40.44749683,0,0.75,4.08,1.2
DEMO_EXCHANGED_CARRIER_V1,CONSTRUCTED_DEMO,E04,east_local_change,SHIFT3,2,SC,MC,probe,row_sentinel,0.0,0.0,24.0,0,0.75,-2.55,-2.55
DEMO_EXCHANGED_CARRIER_V1,CONSTRUCTED_DEMO,E04,east_local_change,SHIFT3,3,MC,NC,probe,row_sentinel,0.0,24.0,24.0,1,0.75,5.33,2.45
DEMO_EXCHANGED_CARRIER_V1,CONSTRUCTED_DEMO,E04,east_local_change,SHIFT3,4,NC,PARK,return,return_before_acquisition,-40.0,-30.0,67.20119047,1,0,,
DEMO_EXCHANGED_CARRIER_V1,CONSTRUCTED_DEMO,E05,east_local_change,ALL9,1,PARK,SW,probe,scheduled_all_sites,-32.0,-24.0,10.0,0,0.75,8.176,1.2
DEMO_EXCHANGED_CARRIER_V1,CONSTRUCTED_DEMO,E05,east_local_change,ALL9,2,SW,SC,probe,scheduled_all_sites,0.0,-24.0,32.0,0,0.75,4.88,2.0
DEMO_EXCHANGED_CARRIER_V1,CONSTRUCTED_DEMO,E05,east_local_change,ALL9,3,SC,SE,probe,scheduled_all_sites,32.0,-24.0,32.0,0,0.75,6.676,-0.3
DEMO_EXCHANGED_CARRIER_V1,CONSTRUCTED_DEMO,E05,east_local_change,ALL9,4,SE,ME,probe,scheduled_all_sites,32.0,0.0,24.0,0,0.75,21.796,17.7
DEMO_EXCHANGED_CARRIER_V1,CONSTRUCTED_DEMO,E05,east_local_change,ALL9,5,ME,MC,probe,scheduled_all_sites,0.0,0.0,32.0,0,0.75,-1.75,-1.75
DEMO_EXCHANGED_CARRIER_V1,CONSTRUCTED_DEMO,E05,east_local_change,ALL9,6,MC,MW,probe,scheduled_all_sites,-32.0,0.0,32.0,0,0.75,1.546,-2.55
DEMO_EXCHANGED_CARRIER_V1,CONSTRUCTED_DEMO,E05,east_local_change,ALL9,7,MW,NW,probe,scheduled_all_sites,-32.0,24.0,24.0,0,0.75,9.426,2.45
DEMO_EXCHANGED_CARRIER_V1,CONSTRUCTED_DEMO,E05,east_local_change,ALL9,8,NW,NC,probe,scheduled_all_sites,0.0,24.0,32.0,0,0.75,4.78,1.9
DEMO_EXCHANGED_CARRIER_V1,CONSTRUCTED_DEMO,E05,east_local_change,ALL9,9,NC,NE,probe,scheduled_all_sites,32.0,24.0,32.0,0,0.75,9.676,2.7
DEMO_EXCHANGED_CARRIER_V1,CONSTRUCTED_DEMO,E05,east_local_change,ALL9,10,NE,PARK,return,return_before_acquisition,-40.0,-30.0,90.0,1,0,,
DEMO_EXCHANGED_CARRIER_V1,CONSTRUCTED_DEMO,E05,east_local_change,ROW3,1,PARK,SC,probe,row_sentinel,0.0,-24.0,40.44749683,0,0.75,4.88,2.0
DEMO_EXCHANGED_CARRIER_V1,CONSTRUCTED_DEMO,E05,east_local_change,ROW3,2,SC,MC,probe,row_sentinel,0.0,0.0,24.0,0,0.75,-1.75,-1.75
DEMO_EXCHANGED_CARRIER_V1,CONSTRUCTED_DEMO,E05,east_local_change,ROW3,3,MC,NC,probe,row_sentinel,0.0,24.0,24.0,1,0.75,4.78,1.9
DEMO_EXCHANGED_CARRIER_V1,CONSTRUCTED_DEMO,E05,east_local_change,ROW3,4,NC,PARK,return,return_before_acquisition,-40.0,-30.0,67.20119047,1,0,,
DEMO_EXCHANGED_CARRIER_V1,CONSTRUCTED_DEMO,E05,east_local_change,SHIFT3,1,PARK,SC,probe,row_sentinel,0.0,-24.0,40.44749683,0,0.75,4.88,2.0
DEMO_EXCHANGED_CARRIER_V1,CONSTRUCTED_DEMO,E05,east_local_change,SHIFT3,2,SC,MC,probe,row_sentinel,0.0,0.0,24.0,0,0.75,-1.75,-1.75
DEMO_EXCHANGED_CARRIER_V1,CONSTRUCTED_DEMO,E05,east_local_change,SHIFT3,3,MC,NC,probe,row_sentinel,0.0,24.0,24.0,1,0.75,4.78,1.9
DEMO_EXCHANGED_CARRIER_V1,CONSTRUCTED_DEMO,E05,east_local_change,SHIFT3,4,NC,PARK,return,return_before_acquisition,-40.0,-30.0,67.20119047,1,0,,
DEMO_EXCHANGED_CARRIER_V1,CONSTRUCTED_DEMO,E06,east_local_change,ALL9,1,PARK,SW,probe,scheduled_all_sites,-32.0,-24.0,10.0,0,0.75,8.976,2.0
DEMO_EXCHANGED_CARRIER_V1,CONSTRUCTED_DEMO,E06,east_local_change,ALL9,2,SW,SC,probe,scheduled_all_sites,0.0,-24.0,32.0,0,0.75,2.58,-0.3
DEMO_EXCHANGED_CARRIER_V1,CONSTRUCTED_DEMO,E06,east_local_change,ALL9,3,SC,SE,probe,scheduled_all_sites,32.0,-24.0,32.0,0,0.75,7.476,0.5
DEMO_EXCHANGED_CARRIER_V1,CONSTRUCTED_DEMO,E06,east_local_change,ALL9,4,SE,ME,probe,scheduled_all_sites,32.0,0.0,24.0,0,0.75,2.596,-1.5
DEMO_EXCHANGED_CARRIER_V1,CONSTRUCTED_DEMO,E06,east_local_change,ALL9,5,ME,MC,probe,scheduled_all_sites,0.0,0.0,32.0,0,0.75,-2.3,-2.3
DEMO_EXCHANGED_CARRIER_V1,CONSTRUCTED_DEMO,E06,east_local_change,ALL9,6,MC,MW,probe,scheduled_all_sites,-32.0,0.0,32.0,0,0.75,2.346,-1.75
DEMO_EXCHANGED_CARRIER_V1,CONSTRUCTED_DEMO,E06,east_local_change,ALL9,7,MW,NW,probe,scheduled_all_sites,-32.0,24.0,24.0,0,0.75,8.876,1.9
DEMO_EXCHANGED_CARRIER_V1,CONSTRUCTED_DEMO,E06,east_local_change,ALL9,8,NW,NC,probe,scheduled_all_sites,0.0,24.0,32.0,0,0.75,5.58,2.7
DEMO_EXCHANGED_CARRIER_V1,CONSTRUCTED_DEMO,E06,east_local_change,ALL9,9,NC,NE,probe,scheduled_all_sites,32.0,24.0,32.0,0,0.75,-13.274,-20.25
DEMO_EXCHANGED_CARRIER_V1,CONSTRUCTED_DEMO,E06,east_local_change,ALL9,10,NE,PARK,return,return_before_acquisition,-40.0,-30.0,90.0,1,0,,
DEMO_EXCHANGED_CARRIER_V1,CONSTRUCTED_DEMO,E06,east_local_change,ROW3,1,PARK,SC,probe,row_sentinel,0.0,-24.0,40.44749683,0,0.75,2.58,-0.3
DEMO_EXCHANGED_CARRIER_V1,CONSTRUCTED_DEMO,E06,east_local_change,ROW3,2,SC,MC,probe,row_sentinel,0.0,0.0,24.0,0,0.75,-2.3,-2.3
DEMO_EXCHANGED_CARRIER_V1,CONSTRUCTED_DEMO,E06,east_local_change,ROW3,3,MC,NC,probe,row_sentinel,0.0,24.0,24.0,1,0.75,5.58,2.7
DEMO_EXCHANGED_CARRIER_V1,CONSTRUCTED_DEMO,E06,east_local_change,ROW3,4,NC,PARK,return,return_before_acquisition,-40.0,-30.0,67.20119047,1,0,,
DEMO_EXCHANGED_CARRIER_V1,CONSTRUCTED_DEMO,E06,east_local_change,SHIFT3,1,PARK,SC,probe,row_sentinel,0.0,-24.0,40.44749683,0,0.75,2.58,-0.3
DEMO_EXCHANGED_CARRIER_V1,CONSTRUCTED_DEMO,E06,east_local_change,SHIFT3,2,SC,MC,probe,row_sentinel,0.0,0.0,24.0,0,0.75,-2.3,-2.3
DEMO_EXCHANGED_CARRIER_V1,CONSTRUCTED_DEMO,E06,east_local_change,SHIFT3,3,MC,NC,probe,row_sentinel,0.0,24.0,24.0,1,0.75,5.58,2.7
DEMO_EXCHANGED_CARRIER_V1,CONSTRUCTED_DEMO,E06,east_local_change,SHIFT3,4,NC,PARK,return,return_before_acquisition,-40.0,-30.0,67.20119047,1,0,,
DEMO_EXCHANGED_CARRIER_V1,CONSTRUCTED_DEMO,E07,east_local_change,ALL9,1,PARK,SW,probe,scheduled_all_sites,-32.0,-24.0,10.0,0,0.75,6.676,-0.3
DEMO_EXCHANGED_CARRIER_V1,CONSTRUCTED_DEMO,E07,east_local_change,ALL9,2,SW,SC,probe,scheduled_all_sites,0.0,-24.0,32.0,0,0.75,3.38,0.5
DEMO_EXCHANGED_CARRIER_V1,CONSTRUCTED_DEMO,E07,east_local_change,ALL9,3,SC,SE,probe,scheduled_all_sites,32.0,-24.0,32.0,0,0.75,32.276,25.3
DEMO_EXCHANGED_CARRIER_V1,CONSTRUCTED_DEMO,E07,east_local_change,ALL9,4,SE,ME,probe,scheduled_all_sites,32.0,0.0,24.0,0,0.75,3.396,-0.7
DEMO_EXCHANGED_CARRIER_V1,CONSTRUCTED_DEMO,E07,east_local_change,ALL9,5,ME,MC,probe,scheduled_all_sites,0.0,0.0,32.0,0,0.75,-1.5,-1.5
DEMO_EXCHANGED_CARRIER_V1,CONSTRUCTED_DEMO,E07,east_local_change,ALL9,6,MC,MW,probe,scheduled_all_sites,-32.0,0.0,32.0,0,0.75,1.796,-2.3
DEMO_EXCHANGED_CARRIER_V1,CONSTRUCTED_DEMO,E07,east_local_change,ALL9,7,MW,NW,probe,scheduled_all_sites,-32.0,24.0,24.0,0,0.75,9.676,2.7
DEMO_EXCHANGED_CARRIER_V1,CONSTRUCTED_DEMO,E07,east_local_change,ALL9,8,NW,NC,probe,scheduled_all_sites,0.0,24.0,32.0,0,0.75,4.63,1.75
DEMO_EXCHANGED_CARRIER_V1,CONSTRUCTED_DEMO,E07,east_local_change,ALL9,9,NC,NE,probe,scheduled_all_sites,32.0,24.0,32.0,0,0.75,8.176,1.2
DEMO_EXCHANGED_CARRIER_V1,CONSTRUCTED_DEMO,E07,east_local_change,ALL9,10,NE,PARK,return,return_before_acquisition,-40.0,-30.0,90.0,1,0,,
DEMO_EXCHANGED_CARRIER_V1,CONSTRUCTED_DEMO,E07,east_local_change,ROW3,1,PARK,SC,probe,row_sentinel,0.0,-24.0,40.44749683,0,0.75,3.38,0.5
DEMO_EXCHANGED_CARRIER_V1,CONSTRUCTED_DEMO,E07,east_local_change,ROW3,2,SC,MC,probe,row_sentinel,0.0,0.0,24.0,0,0.75,-1.5,-1.5
DEMO_EXCHANGED_CARRIER_V1,CONSTRUCTED_DEMO,E07,east_local_change,ROW3,3,MC,NC,probe,row_sentinel,0.0,24.0,24.0,1,0.75,4.63,1.75
DEMO_EXCHANGED_CARRIER_V1,CONSTRUCTED_DEMO,E07,east_local_change,ROW3,4,NC,PARK,return,return_before_acquisition,-40.0,-30.0,67.20119047,1,0,,
DEMO_EXCHANGED_CARRIER_V1,CONSTRUCTED_DEMO,E07,east_local_change,SHIFT3,1,PARK,SC,probe,row_sentinel,0.0,-24.0,40.44749683,0,0.75,3.38,0.5
DEMO_EXCHANGED_CARRIER_V1,CONSTRUCTED_DEMO,E07,east_local_change,SHIFT3,2,SC,MC,probe,row_sentinel,0.0,0.0,24.0,0,0.75,-1.5,-1.5
DEMO_EXCHANGED_CARRIER_V1,CONSTRUCTED_DEMO,E07,east_local_change,SHIFT3,3,MC,NC,probe,row_sentinel,0.0,24.0,24.0,1,0.75,4.63,1.75
DEMO_EXCHANGED_CARRIER_V1,CONSTRUCTED_DEMO,E07,east_local_change,SHIFT3,4,NC,PARK,return,return_before_acquisition,-40.0,-30.0,67.20119047,1,0,,
DEMO_EXCHANGED_CARRIER_V1,CONSTRUCTED_DEMO,E08,east_local_change,ALL9,1,PARK,SW,probe,scheduled_all_sites,-32.0,-24.0,10.0,0,0.75,7.476,0.5
DEMO_EXCHANGED_CARRIER_V1,CONSTRUCTED_DEMO,E08,east_local_change,ALL9,2,SW,SC,probe,scheduled_all_sites,0.0,-24.0,32.0,0,0.75,4.18,1.3
DEMO_EXCHANGED_CARRIER_V1,CONSTRUCTED_DEMO,E08,east_local_change,ALL9,3,SC,SE,probe,scheduled_all_sites,32.0,-24.0,32.0,0,0.75,7.726,0.75
DEMO_EXCHANGED_CARRIER_V1,CONSTRUCTED_DEMO,E08,east_local_change,ALL9,4,SE,ME,probe,scheduled_all_sites,32.0,0.0,24.0,0,0.75,-14.904,-19.0
DEMO_EXCHANGED_CARRIER_V1,CONSTRUCTED_DEMO,E08,east_local_change,ALL9,5,ME,MC,probe,scheduled_all_sites,0.0,0.0,32.0,0,0.75,-0.7,-0.7
DEMO_EXCHANGED_CARRIER_V1,CONSTRUCTED_DEMO,E08,east_local_change,ALL9,6,MC,MW,probe,scheduled_all_sites,-32.0,0.0,32.0,0,0.75,2.596,-1.5
DEMO_EXCHANGED_CARRIER_V1,CONSTRUCTED_DEMO,E08,east_local_change,ALL9,7,MW,NW,probe,scheduled_all_sites,-32.0,24.0,24.0,0,0.75,8.726,1.75
DEMO_EXCHANGED_CARRIER_V1,CONSTRUCTED_DEMO,E08,east_local_change,ALL9,8,NW,NC,probe,scheduled_all_sites,0.0,24.0,32.0,0,0.75,4.08,1.2
DEMO_EXCHANGED_CARRIER_V1,CONSTRUCTED_DEMO,E08,east_local_change,ALL9,9,NC,NE,probe,scheduled_all_sites,32.0,24.0,32.0,0,0.75,8.976,2.0
DEMO_EXCHANGED_CARRIER_V1,CONSTRUCTED_DEMO,E08,east_local_change,ALL9,10,NE,PARK,return,return_before_acquisition,-40.0,-30.0,90.0,1,0,,
DEMO_EXCHANGED_CARRIER_V1,CONSTRUCTED_DEMO,E08,east_local_change,ROW3,1,PARK,SC,probe,row_sentinel,0.0,-24.0,40.44749683,0,0.75,4.18,1.3
DEMO_EXCHANGED_CARRIER_V1,CONSTRUCTED_DEMO,E08,east_local_change,ROW3,2,SC,MC,probe,row_sentinel,0.0,0.0,24.0,0,0.75,-0.7,-0.7
DEMO_EXCHANGED_CARRIER_V1,CONSTRUCTED_DEMO,E08,east_local_change,ROW3,3,MC,NC,probe,row_sentinel,0.0,24.0,24.0,1,0.75,4.08,1.2
DEMO_EXCHANGED_CARRIER_V1,CONSTRUCTED_DEMO,E08,east_local_change,ROW3,4,NC,PARK,return,return_before_acquisition,-40.0,-30.0,67.20119047,1,0,,
DEMO_EXCHANGED_CARRIER_V1,CONSTRUCTED_DEMO,E08,east_local_change,SHIFT3,1,PARK,SC,probe,row_sentinel,0.0,-24.0,40.44749683,0,0.75,4.18,1.3
DEMO_EXCHANGED_CARRIER_V1,CONSTRUCTED_DEMO,E08,east_local_change,SHIFT3,2,SC,MC,probe,row_sentinel,0.0,0.0,24.0,0,0.75,-0.7,-0.7
DEMO_EXCHANGED_CARRIER_V1,CONSTRUCTED_DEMO,E08,east_local_change,SHIFT3,3,MC,NC,probe,row_sentinel,0.0,24.0,24.0,1,0.75,4.08,1.2
DEMO_EXCHANGED_CARRIER_V1,CONSTRUCTED_DEMO,E08,east_local_change,SHIFT3,4,NC,PARK,return,return_before_acquisition,-40.0,-30.0,67.20119047,1,0,,
DEMO_EXCHANGED_CARRIER_V1,CONSTRUCTED_DEMO,C01,combined_change,ALL9,1,PARK,SW,probe,scheduled_all_sites,-32.0,-24.0,10.0,0,0.75,19.276,12.3
DEMO_EXCHANGED_CARRIER_V1,CONSTRUCTED_DEMO,C01,combined_change,ALL9,2,SW,SC,probe,scheduled_all_sites,0.0,-24.0,32.0,0,0.75,14.63,11.75
DEMO_EXCHANGED_CARRIER_V1,CONSTRUCTED_DEMO,C01,combined_change,ALL9,3,SC,SE,probe,scheduled_all_sites,32.0,-24.0,32.0,0,0.75,34.526,27.55
DEMO_EXCHANGED_CARRIER_V1,CONSTRUCTED_DEMO,C01,combined_change,ALL9,4,SE,ME,probe,scheduled_all_sites,32.0,0.0,24.0,0,0.75,2.896,-1.2
DEMO_EXCHANGED_CARRIER_V1,CONSTRUCTED_DEMO,C01,combined_change,ALL9,5,ME,MC,probe,scheduled_all_sites,0.0,0.0,32.0,0,0.75,-2.0,-2.0
DEMO_EXCHANGED_CARRIER_V1,CONSTRUCTED_DEMO,C01,combined_change,ALL9,6,MC,MW,probe,scheduled_all_sites,-32.0,0.0,32.0,0,0.75,4.396,0.3
DEMO_EXCHANGED_CARRIER_V1,CONSTRUCTED_DEMO,C01,combined_change,ALL9,7,MW,NW,probe,scheduled_all_sites,-32.0,24.0,24.0,0,0.75,8.176,1.2
DEMO_EXCHANGED_CARRIER_V1,CONSTRUCTED_DEMO,C01,combined_change,ALL9,8,NW,NC,probe,scheduled_all_sites,0.0,24.0,32.0,0,0.75,4.88,2.0
DEMO_EXCHANGED_CARRIER_V1,CONSTRUCTED_DEMO,C01,combined_change,ALL9,9,NC,NE,probe,scheduled_all_sites,32.0,24.0,32.0,0,0.75,9.776,2.8
DEMO_EXCHANGED_CARRIER_V1,CONSTRUCTED_DEMO,C01,combined_change,ALL9,10,NE,PARK,return,return_before_acquisition,-40.0,-30.0,90.0,1,0,,
DEMO_EXCHANGED_CARRIER_V1,CONSTRUCTED_DEMO,C01,combined_change,ROW3,1,PARK,SC,probe,row_sentinel,0.0,-24.0,40.44749683,0,0.75,14.63,11.75
DEMO_EXCHANGED_CARRIER_V1,CONSTRUCTED_DEMO,C01,combined_change,ROW3,2,SC,SW,probe,triggered_row_refresh,-32.0,-24.0,32.0,0,0.75,19.276,12.3
DEMO_EXCHANGED_CARRIER_V1,CONSTRUCTED_DEMO,C01,combined_change,ROW3,3,SW,SE,probe,triggered_row_refresh,32.0,-24.0,64.0,0,0.75,34.526,27.55
DEMO_EXCHANGED_CARRIER_V1,CONSTRUCTED_DEMO,C01,combined_change,ROW3,4,SE,MC,probe,row_sentinel,0.0,0.0,40.0,0,0.75,-2.0,-2.0
DEMO_EXCHANGED_CARRIER_V1,CONSTRUCTED_DEMO,C01,combined_change,ROW3,5,MC,NC,probe,row_sentinel,0.0,24.0,24.0,1,0.75,4.88,2.0
DEMO_EXCHANGED_CARRIER_V1,CONSTRUCTED_DEMO,C01,combined_change,ROW3,6,NC,PARK,return,return_before_acquisition,-40.0,-30.0,67.20119047,1,0,,
DEMO_EXCHANGED_CARRIER_V1,CONSTRUCTED_DEMO,C01,combined_change,SHIFT3,1,PARK,SC,probe,row_sentinel,0.0,-24.0,40.44749683,0,0.75,14.63,11.75
DEMO_EXCHANGED_CARRIER_V1,CONSTRUCTED_DEMO,C01,combined_change,SHIFT3,2,SC,MC,probe,row_sentinel,0.0,0.0,24.0,0,0.75,-2.0,-2.0
DEMO_EXCHANGED_CARRIER_V1,CONSTRUCTED_DEMO,C01,combined_change,SHIFT3,3,MC,NC,probe,row_sentinel,0.0,24.0,24.0,1,0.75,4.88,2.0
DEMO_EXCHANGED_CARRIER_V1,CONSTRUCTED_DEMO,C01,combined_change,SHIFT3,4,NC,PARK,return,return_before_acquisition,-40.0,-30.0,67.20119047,1,0,,
DEMO_EXCHANGED_CARRIER_V1,CONSTRUCTED_DEMO,C02,combined_change,ALL9,1,PARK,SW,probe,scheduled_all_sites,-32.0,-24.0,10.0,0,0.75,7.726,0.75
DEMO_EXCHANGED_CARRIER_V1,CONSTRUCTED_DEMO,C02,combined_change,ALL9,2,SW,SC,probe,scheduled_all_sites,0.0,-24.0,32.0,0,0.75,4.43,1.55
DEMO_EXCHANGED_CARRIER_V1,CONSTRUCTED_DEMO,C02,combined_change,ALL9,3,SC,SE,probe,scheduled_all_sites,32.0,-24.0,32.0,0,0.75,7.576,0.6
DEMO_EXCHANGED_CARRIER_V1,CONSTRUCTED_DEMO,C02,combined_change,ALL9,4,SE,ME,probe,scheduled_all_sites,32.0,0.0,24.0,0,0.75,-25.304,-29.4
DEMO_EXCHANGED_CARRIER_V1,CONSTRUCTED_DEMO,C02,combined_change,ALL9,5,ME,MC,probe,scheduled_all_sites,0.0,0.0,32.0,0,0.75,-14.2,-14.2
DEMO_EXCHANGED_CARRIER_V1,CONSTRUCTED_DEMO,C02,combined_change,ALL9,6,MC,MW,probe,scheduled_all_sites,-32.0,0.0,32.0,0,0.75,-10.904,-15.0
DEMO_EXCHANGED_CARRIER_V1,CONSTRUCTED_DEMO,C02,combined_change,ALL9,7,MW,NW,probe,scheduled_all_sites,-32.0,24.0,24.0,0,0.75,8.976,2.0
DEMO_EXCHANGED_CARRIER_V1,CONSTRUCTED_DEMO,C02,combined_change,ALL9,8,NW,NC,probe,scheduled_all_sites,0.0,24.0,32.0,0,0.75,5.68,2.8
DEMO_EXCHANGED_CARRIER_V1,CONSTRUCTED_DEMO,C02,combined_change,ALL9,9,NC,NE,probe,scheduled_all_sites,32.0,24.0,32.0,0,0.75,9.226,2.25
DEMO_EXCHANGED_CARRIER_V1,CONSTRUCTED_DEMO,C02,combined_change,ALL9,10,NE,PARK,return,return_before_acquisition,-40.0,-30.0,90.0,1,0,,
DEMO_EXCHANGED_CARRIER_V1,CONSTRUCTED_DEMO,C02,combined_change,ROW3,1,PARK,SC,probe,row_sentinel,0.0,-24.0,40.44749683,0,0.75,4.43,1.55
DEMO_EXCHANGED_CARRIER_V1,CONSTRUCTED_DEMO,C02,combined_change,ROW3,2,SC,MC,probe,row_sentinel,0.0,0.0,24.0,0,0.75,-14.2,-14.2
DEMO_EXCHANGED_CARRIER_V1,CONSTRUCTED_DEMO,C02,combined_change,ROW3,3,MC,MW,probe,triggered_row_refresh,-32.0,0.0,32.0,0,0.75,-10.904,-15.0
DEMO_EXCHANGED_CARRIER_V1,CONSTRUCTED_DEMO,C02,combined_change,ROW3,4,MW,ME,probe,triggered_row_refresh,32.0,0.0,64.0,0,0.75,-25.304,-29.4
DEMO_EXCHANGED_CARRIER_V1,CONSTRUCTED_DEMO,C02,combined_change,ROW3,5,ME,NC,probe,row_sentinel,0.0,24.0,40.0,1,0.75,5.68,2.8
DEMO_EXCHANGED_CARRIER_V1,CONSTRUCTED_DEMO,C02,combined_change,ROW3,6,NC,PARK,return,return_before_acquisition,-40.0,-30.0,67.20119047,1,0,,
DEMO_EXCHANGED_CARRIER_V1,CONSTRUCTED_DEMO,C02,combined_change,SHIFT3,1,PARK,SC,probe,row_sentinel,0.0,-24.0,40.44749683,0,0.75,4.43,1.55
DEMO_EXCHANGED_CARRIER_V1,CONSTRUCTED_DEMO,C02,combined_change,SHIFT3,2,SC,MC,probe,row_sentinel,0.0,0.0,24.0,0,0.75,-14.2,-14.2
DEMO_EXCHANGED_CARRIER_V1,CONSTRUCTED_DEMO,C02,combined_change,SHIFT3,3,MC,NC,probe,row_sentinel,0.0,24.0,24.0,1,0.75,5.68,2.8
DEMO_EXCHANGED_CARRIER_V1,CONSTRUCTED_DEMO,C02,combined_change,SHIFT3,4,NC,PARK,return,return_before_acquisition,-40.0,-30.0,67.20119047,1,0,,
DEMO_EXCHANGED_CARRIER_V1,CONSTRUCTED_DEMO,C03,combined_change,ALL9,1,PARK,SW,probe,scheduled_all_sites,-32.0,-24.0,10.0,0,0.75,8.526,1.55
DEMO_EXCHANGED_CARRIER_V1,CONSTRUCTED_DEMO,C03,combined_change,ALL9,2,SW,SC,probe,scheduled_all_sites,0.0,-24.0,32.0,0,0.75,3.48,0.6
DEMO_EXCHANGED_CARRIER_V1,CONSTRUCTED_DEMO,C03,combined_change,ALL9,3,SC,SE,probe,scheduled_all_sites,32.0,-24.0,32.0,0,0.75,7.026,0.05
DEMO_EXCHANGED_CARRIER_V1,CONSTRUCTED_DEMO,C03,combined_change,ALL9,4,SE,ME,probe,scheduled_all_sites,32.0,0.0,24.0,0,0.75,3.146,-0.95
DEMO_EXCHANGED_CARRIER_V1,CONSTRUCTED_DEMO,C03,combined_change,ALL9,5,ME,MC,probe,scheduled_all_sites,0.0,0.0,32.0,0,0.75,-0.4,-0.4
DEMO_EXCHANGED_CARRIER_V1,CONSTRUCTED_DEMO,C03,combined_change,ALL9,6,MC,MW,probe,scheduled_all_sites,-32.0,0.0,32.0,0,0.75,2.896,-1.2
DEMO_EXCHANGED_CARRIER_V1,CONSTRUCTED_DEMO,C03,combined_change,ALL9,7,MW,NW,probe,scheduled_all_sites,-32.0,24.0,24.0,0,0.75,23.776,16.8
DEMO_EXCHANGED_CARRIER_V1,CONSTRUCTED_DEMO,C03,combined_change,ALL9,8,NW,NC,probe,scheduled_all_sites,0.0,24.0,32.0,0,0.75,19.13,16.25
DEMO_EXCHANGED_CARRIER_V1,CONSTRUCTED_DEMO,C03,combined_change,ALL9,9,NC,NE,probe,scheduled_all_sites,32.0,24.0,32.0,0,0.75,40.276,33.3
DEMO_EXCHANGED_CARRIER_V1,CONSTRUCTED_DEMO,C03,combined_change,ALL9,10,NE,PARK,return,return_before_acquisition,-40.0,-30.0,90.0,1,0,,
DEMO_EXCHANGED_CARRIER_V1,CONSTRUCTED_DEMO,C03,combined_change,ROW3,1,PARK,SC,probe,row_sentinel,0.0,-24.0,40.44749683,0,0.75,3.48,0.6
DEMO_EXCHANGED_CARRIER_V1,CONSTRUCTED_DEMO,C03,combined_change,ROW3,2,SC,MC,probe,row_sentinel,0.0,0.0,24.0,0,0.75,-0.4,-0.4
DEMO_EXCHANGED_CARRIER_V1,CONSTRUCTED_DEMO,C03,combined_change,ROW3,3,MC,NC,probe,row_sentinel,0.0,24.0,24.0,1,0.75,19.13,16.25
DEMO_EXCHANGED_CARRIER_V1,CONSTRUCTED_DEMO,C03,combined_change,ROW3,4,NC,NW,probe,triggered_row_refresh,-32.0,24.0,32.0,0,0.75,23.776,16.8
DEMO_EXCHANGED_CARRIER_V1,CONSTRUCTED_DEMO,C03,combined_change,ROW3,5,NW,NE,probe,triggered_row_refresh,32.0,24.0,64.0,0,0.75,40.276,33.3
DEMO_EXCHANGED_CARRIER_V1,CONSTRUCTED_DEMO,C03,combined_change,ROW3,6,NE,PARK,return,return_before_acquisition,-40.0,-30.0,90.0,1,0,,
DEMO_EXCHANGED_CARRIER_V1,CONSTRUCTED_DEMO,C03,combined_change,SHIFT3,1,PARK,SC,probe,row_sentinel,0.0,-24.0,40.44749683,0,0.75,3.48,0.6
DEMO_EXCHANGED_CARRIER_V1,CONSTRUCTED_DEMO,C03,combined_change,SHIFT3,2,SC,MC,probe,row_sentinel,0.0,0.0,24.0,0,0.75,-0.4,-0.4
DEMO_EXCHANGED_CARRIER_V1,CONSTRUCTED_DEMO,C03,combined_change,SHIFT3,3,MC,NC,probe,row_sentinel,0.0,24.0,24.0,1,0.75,19.13,16.25
DEMO_EXCHANGED_CARRIER_V1,CONSTRUCTED_DEMO,C03,combined_change,SHIFT3,4,NC,PARK,return,return_before_acquisition,-40.0,-30.0,67.20119047,1,0,,
DEMO_EXCHANGED_CARRIER_V1,CONSTRUCTED_DEMO,C04,combined_change,ALL9,1,PARK,SW,probe,scheduled_all_sites,-32.0,-24.0,10.0,0,0.75,-11.424,-18.4
DEMO_EXCHANGED_CARRIER_V1,CONSTRUCTED_DEMO,C04,combined_change,ALL9,2,SW,SC,probe,scheduled_all_sites,0.0,-24.0,32.0,0,0.75,-16.07,-18.95
DEMO_EXCHANGED_CARRIER_V1,CONSTRUCTED_DEMO,C04,combined_change,ALL9,3,SC,SE,probe,scheduled_all_sites,32.0,-24.0,32.0,0,0.75,-31.174,-38.15
DEMO_EXCHANGED_CARRIER_V1,CONSTRUCTED_DEMO,C04,combined_change,ALL9,4,SE,ME,probe,scheduled_all_sites,32.0,0.0,24.0,0,0.75,3.946,-0.15
DEMO_EXCHANGED_CARRIER_V1,CONSTRUCTED_DEMO,C04,combined_change,ALL9,5,ME,MC,probe,scheduled_all_sites,0.0,0.0,32.0,0,0.75,-0.95,-0.95
DEMO_EXCHANGED_CARRIER_V1,CONSTRUCTED_DEMO,C04,combined_change,ALL9,6,MC,MW,probe,scheduled_all_sites,-32.0,0.0,32.0,0,0.75,3.696,-0.4
DEMO_EXCHANGED_CARRIER_V1,CONSTRUCTED_DEMO,C04,combined_change,ALL9,7,MW,NW,probe,scheduled_all_sites,-32.0,24.0,24.0,0,0.75,9.226,2.25
DEMO_EXCHANGED_CARRIER_V1,CONSTRUCTED_DEMO,C04,combined_change,ALL9,8,NW,NC,probe,scheduled_all_sites,0.0,24.0,32.0,0,0.75,4.18,1.3
DEMO_EXCHANGED_CARRIER_V1,CONSTRUCTED_DEMO,C04,combined_change,ALL9,9,NC,NE,probe,scheduled_all_sites,32.0,24.0,32.0,0,0.75,9.076,2.1
DEMO_EXCHANGED_CARRIER_V1,CONSTRUCTED_DEMO,C04,combined_change,ALL9,10,NE,PARK,return,return_before_acquisition,-40.0,-30.0,90.0,1,0,,
DEMO_EXCHANGED_CARRIER_V1,CONSTRUCTED_DEMO,C04,combined_change,ROW3,1,PARK,SC,probe,row_sentinel,0.0,-24.0,40.44749683,0,0.75,-16.07,-18.95
DEMO_EXCHANGED_CARRIER_V1,CONSTRUCTED_DEMO,C04,combined_change,ROW3,2,SC,SW,probe,triggered_row_refresh,-32.0,-24.0,32.0,0,0.75,-11.424,-18.4
DEMO_EXCHANGED_CARRIER_V1,CONSTRUCTED_DEMO,C04,combined_change,ROW3,3,SW,SE,probe,triggered_row_refresh,32.0,-24.0,64.0,0,0.75,-31.174,-38.15
DEMO_EXCHANGED_CARRIER_V1,CONSTRUCTED_DEMO,C04,combined_change,ROW3,4,SE,MC,probe,row_sentinel,0.0,0.0,40.0,0,0.75,-0.95,-0.95
DEMO_EXCHANGED_CARRIER_V1,CONSTRUCTED_DEMO,C04,combined_change,ROW3,5,MC,NC,probe,row_sentinel,0.0,24.0,24.0,1,0.75,4.18,1.3
DEMO_EXCHANGED_CARRIER_V1,CONSTRUCTED_DEMO,C04,combined_change,ROW3,6,NC,PARK,return,return_before_acquisition,-40.0,-30.0,67.20119047,1,0,,
DEMO_EXCHANGED_CARRIER_V1,CONSTRUCTED_DEMO,C04,combined_change,SHIFT3,1,PARK,SC,probe,row_sentinel,0.0,-24.0,40.44749683,0,0.75,-16.07,-18.95
DEMO_EXCHANGED_CARRIER_V1,CONSTRUCTED_DEMO,C04,combined_change,SHIFT3,2,SC,MC,probe,row_sentinel,0.0,0.0,24.0,0,0.75,-0.95,-0.95
DEMO_EXCHANGED_CARRIER_V1,CONSTRUCTED_DEMO,C04,combined_change,SHIFT3,3,MC,NC,probe,row_sentinel,0.0,24.0,24.0,1,0.75,4.18,1.3
DEMO_EXCHANGED_CARRIER_V1,CONSTRUCTED_DEMO,C04,combined_change,SHIFT3,4,NC,PARK,return,return_before_acquisition,-40.0,-30.0,67.20119047,1,0,,
DEMO_EXCHANGED_CARRIER_V1,CONSTRUCTED_DEMO,C05,combined_change,ALL9,1,PARK,SW,probe,scheduled_all_sites,-32.0,-24.0,10.0,0,0.75,7.026,0.05
DEMO_EXCHANGED_CARRIER_V1,CONSTRUCTED_DEMO,C05,combined_change,ALL9,2,SW,SC,probe,scheduled_all_sites,0.0,-24.0,32.0,0,0.75,3.73,0.85
DEMO_EXCHANGED_CARRIER_V1,CONSTRUCTED_DEMO,C05,combined_change,ALL9,3,SC,SE,probe,scheduled_all_sites,32.0,-24.0,32.0,0,0.75,8.626,1.65
DEMO_EXCHANGED_CARRIER_V1,CONSTRUCTED_DEMO,C05,combined_change,ALL9,4,SE,ME,probe,scheduled_all_sites,32.0,0.0,24.0,0,0.75,15.996,11.9
DEMO_EXCHANGED_CARRIER_V1,CONSTRUCTED_DEMO,C05,combined_change,ALL9,5,ME,MC,probe,scheduled_all_sites,0.0,0.0,32.0,0,0.75,12.85,12.85
DEMO_EXCHANGED_CARRIER_V1,CONSTRUCTED_DEMO,C05,combined_change,ALL9,6,MC,MW,probe,scheduled_all_sites,-32.0,0.0,32.0,0,0.75,16.146,12.05
DEMO_EXCHANGED_CARRIER_V1,CONSTRUCTED_DEMO,C05,combined_change,ALL9,7,MW,NW,probe,scheduled_all_sites,-32.0,24.0,24.0,0,0.75,8.276,1.3
DEMO_EXCHANGED_CARRIER_V1,CONSTRUCTED_DEMO,C05,combined_change,ALL9,8,NW,NC,probe,scheduled_all_sites,0.0,24.0,32.0,0,0.75,4.98,2.1
DEMO_EXCHANGED_CARRIER_V1,CONSTRUCTED_DEMO,C05,combined_change,ALL9,9,NC,NE,probe,scheduled_all_sites,32.0,24.0,32.0,0,0.75,24.526,17.55
DEMO_EXCHANGED_CARRIER_V1,CONSTRUCTED_DEMO,C05,combined_change,ALL9,10,NE,PARK,return,return_before_acquisition,-40.0,-30.0,90.0,1,0,,
DEMO_EXCHANGED_CARRIER_V1,CONSTRUCTED_DEMO,C05,combined_change,ROW3,1,PARK,SC,probe,row_sentinel,0.0,-24.0,40.44749683,0,0.75,3.73,0.85
DEMO_EXCHANGED_CARRIER_V1,CONSTRUCTED_DEMO,C05,combined_change,ROW3,2,SC,MC,probe,row_sentinel,0.0,0.0,24.0,0,0.75,12.85,12.85
DEMO_EXCHANGED_CARRIER_V1,CONSTRUCTED_DEMO,C05,combined_change,ROW3,3,MC,MW,probe,triggered_row_refresh,-32.0,0.0,32.0,0,0.75,16.146,12.05
DEMO_EXCHANGED_CARRIER_V1,CONSTRUCTED_DEMO,C05,combined_change,ROW3,4,MW,ME,probe,triggered_row_refresh,32.0,0.0,64.0,0,0.75,15.996,11.9
DEMO_EXCHANGED_CARRIER_V1,CONSTRUCTED_DEMO,C05,combined_change,ROW3,5,ME,NC,probe,row_sentinel,0.0,24.0,40.0,1,0.75,4.98,2.1
DEMO_EXCHANGED_CARRIER_V1,CONSTRUCTED_DEMO,C05,combined_change,ROW3,6,NC,PARK,return,return_before_acquisition,-40.0,-30.0,67.20119047,1,0,,
DEMO_EXCHANGED_CARRIER_V1,CONSTRUCTED_DEMO,C05,combined_change,SHIFT3,1,PARK,SC,probe,row_sentinel,0.0,-24.0,40.44749683,0,0.75,3.73,0.85
DEMO_EXCHANGED_CARRIER_V1,CONSTRUCTED_DEMO,C05,combined_change,SHIFT3,2,SC,MC,probe,row_sentinel,0.0,0.0,24.0,0,0.75,12.85,12.85
DEMO_EXCHANGED_CARRIER_V1,CONSTRUCTED_DEMO,C05,combined_change,SHIFT3,3,MC,NC,probe,row_sentinel,0.0,24.0,24.0,1,0.75,4.98,2.1
DEMO_EXCHANGED_CARRIER_V1,CONSTRUCTED_DEMO,C05,combined_change,SHIFT3,4,NC,PARK,return,return_before_acquisition,-40.0,-30.0,67.20119047,1,0,,
DEMO_EXCHANGED_CARRIER_V1,CONSTRUCTED_DEMO,C06,combined_change,ALL9,1,PARK,SW,probe,scheduled_all_sites,-32.0,-24.0,10.0,0,0.75,7.826,0.85
DEMO_EXCHANGED_CARRIER_V1,CONSTRUCTED_DEMO,C06,combined_change,ALL9,2,SW,SC,probe,scheduled_all_sites,0.0,-24.0,32.0,0,0.75,4.53,1.65
DEMO_EXCHANGED_CARRIER_V1,CONSTRUCTED_DEMO,C06,combined_change,ALL9,3,SC,SE,probe,scheduled_all_sites,32.0,-24.0,32.0,0,0.75,-9.924,-16.9
DEMO_EXCHANGED_CARRIER_V1,CONSTRUCTED_DEMO,C06,combined_change,ALL9,4,SE,ME,probe,scheduled_all_sites,32.0,0.0,24.0,0,0.75,2.446,-1.65
DEMO_EXCHANGED_CARRIER_V1,CONSTRUCTED_DEMO,C06,combined_change,ALL9,5,ME,MC,probe,scheduled_all_sites,0.0,0.0,32.0,0,0.75,-1.1,-1.1
DEMO_EXCHANGED_CARRIER_V1,CONSTRUCTED_DEMO,C06,combined_change,ALL9,6,MC,MW,probe,scheduled_all_sites,-32.0,0.0,32.0,0,0.75,3.946,-0.15
DEMO_EXCHANGED_CARRIER_V1,CONSTRUCTED_DEMO,C06,combined_change,ALL9,7,MW,NW,probe,scheduled_all_sites,-32.0,24.0,24.0,0,0.75,-6.924,-13.9
DEMO_EXCHANGED_CARRIER_V1,CONSTRUCTED_DEMO,C06,combined_change,ALL9,8,NW,NC,probe,scheduled_all_sites,0.0,24.0,32.0,0,0.75,-11.57,-14.45
DEMO_EXCHANGED_CARRIER_V1,CONSTRUCTED_DEMO,C06,combined_change,ALL9,9,NC,NE,probe,scheduled_all_sites,32.0,24.0,32.0,0,0.75,-6.674,-13.65
DEMO_EXCHANGED_CARRIER_V1,CONSTRUCTED_DEMO,C06,combined_change,ALL9,10,NE,PARK,return,return_before_acquisition,-40.0,-30.0,90.0,1,0,,
DEMO_EXCHANGED_CARRIER_V1,CONSTRUCTED_DEMO,C06,combined_change,ROW3,1,PARK,SC,probe,row_sentinel,0.0,-24.0,40.44749683,0,0.75,4.53,1.65
DEMO_EXCHANGED_CARRIER_V1,CONSTRUCTED_DEMO,C06,combined_change,ROW3,2,SC,MC,probe,row_sentinel,0.0,0.0,24.0,0,0.75,-1.1,-1.1
DEMO_EXCHANGED_CARRIER_V1,CONSTRUCTED_DEMO,C06,combined_change,ROW3,3,MC,NC,probe,row_sentinel,0.0,24.0,24.0,1,0.75,-11.57,-14.45
DEMO_EXCHANGED_CARRIER_V1,CONSTRUCTED_DEMO,C06,combined_change,ROW3,4,NC,NW,probe,triggered_row_refresh,-32.0,24.0,32.0,0,0.75,-6.924,-13.9
DEMO_EXCHANGED_CARRIER_V1,CONSTRUCTED_DEMO,C06,combined_change,ROW3,5,NW,NE,probe,triggered_row_refresh,32.0,24.0,64.0,0,0.75,-6.674,-13.65
DEMO_EXCHANGED_CARRIER_V1,CONSTRUCTED_DEMO,C06,combined_change,ROW3,6,NE,PARK,return,return_before_acquisition,-40.0,-30.0,90.0,1,0,,
DEMO_EXCHANGED_CARRIER_V1,CONSTRUCTED_DEMO,C06,combined_change,SHIFT3,1,PARK,SC,probe,row_sentinel,0.0,-24.0,40.44749683,0,0.75,4.53,1.65
DEMO_EXCHANGED_CARRIER_V1,CONSTRUCTED_DEMO,C06,combined_change,SHIFT3,2,SC,MC,probe,row_sentinel,0.0,0.0,24.0,0,0.75,-1.1,-1.1
DEMO_EXCHANGED_CARRIER_V1,CONSTRUCTED_DEMO,C06,combined_change,SHIFT3,3,MC,NC,probe,row_sentinel,0.0,24.0,24.0,1,0.75,-11.57,-14.45
DEMO_EXCHANGED_CARRIER_V1,CONSTRUCTED_DEMO,C06,combined_change,SHIFT3,4,NC,PARK,return,return_before_acquisition,-40.0,-30.0,67.20119047,1,0,,
DEMO_EXCHANGED_CARRIER_V1,CONSTRUCTED_DEMO,C07,combined_change,ALL9,1,PARK,SW,probe,scheduled_all_sites,-32.0,-24.0,10.0,0,0.75,23.626,16.65
DEMO_EXCHANGED_CARRIER_V1,CONSTRUCTED_DEMO,C07,combined_change,ALL9,2,SW,SC,probe,scheduled_all_sites,0.0,-24.0,32.0,0,0.75,18.98,16.1
DEMO_EXCHANGED_CARRIER_V1,CONSTRUCTED_DEMO,C07,combined_change,ALL9,3,SC,SE,probe,scheduled_all_sites,32.0,-24.0,32.0,0,0.75,22.126,15.15
DEMO_EXCHANGED_CARRIER_V1,CONSTRUCTED_DEMO,C07,combined_change,ALL9,4,SE,ME,probe,scheduled_all_sites,32.0,0.0,24.0,0,0.75,23.246,19.15
DEMO_EXCHANGED_CARRIER_V1,CONSTRUCTED_DEMO,C07,combined_change,ALL9,5,ME,MC,probe,scheduled_all_sites,0.0,0.0,32.0,0,0.75,-1.65,-1.65
DEMO_EXCHANGED_CARRIER_V1,CONSTRUCTED_DEMO,C07,combined_change,ALL9,6,MC,MW,probe,scheduled_all_sites,-32.0,0.0,32.0,0,0.75,2.996,-1.1
DEMO_EXCHANGED_CARRIER_V1,CONSTRUCTED_DEMO,C07,combined_change,ALL9,7,MW,NW,probe,scheduled_all_sites,-32.0,24.0,24.0,0,0.75,8.526,1.55
DEMO_EXCHANGED_CARRIER_V1,CONSTRUCTED_DEMO,C07,combined_change,ALL9,8,NW,NC,probe,scheduled_all_sites,0.0,24.0,32.0,0,0.75,5.23,2.35
DEMO_EXCHANGED_CARRIER_V1,CONSTRUCTED_DEMO,C07,combined_change,ALL9,9,NC,NE,probe,scheduled_all_sites,32.0,24.0,32.0,0,0.75,10.126,3.15
DEMO_EXCHANGED_CARRIER_V1,CONSTRUCTED_DEMO,C07,combined_change,ALL9,10,NE,PARK,return,return_before_acquisition,-40.0,-30.0,90.0,1,0,,
DEMO_EXCHANGED_CARRIER_V1,CONSTRUCTED_DEMO,C07,combined_change,ROW3,1,PARK,SC,probe,row_sentinel,0.0,-24.0,40.44749683,0,0.75,18.98,16.1
DEMO_EXCHANGED_CARRIER_V1,CONSTRUCTED_DEMO,C07,combined_change,ROW3,2,SC,SW,probe,triggered_row_refresh,-32.0,-24.0,32.0,0,0.75,23.626,16.65
DEMO_EXCHANGED_CARRIER_V1,CONSTRUCTED_DEMO,C07,combined_change,ROW3,3,SW,SE,probe,triggered_row_refresh,32.0,-24.0,64.0,0,0.75,22.126,15.15
DEMO_EXCHANGED_CARRIER_V1,CONSTRUCTED_DEMO,C07,combined_change,ROW3,4,SE,MC,probe,row_sentinel,0.0,0.0,40.0,0,0.75,-1.65,-1.65
DEMO_EXCHANGED_CARRIER_V1,CONSTRUCTED_DEMO,C07,combined_change,ROW3,5,MC,NC,probe,row_sentinel,0.0,24.0,24.0,1,0.75,5.23,2.35
DEMO_EXCHANGED_CARRIER_V1,CONSTRUCTED_DEMO,C07,combined_change,ROW3,6,NC,PARK,return,return_before_acquisition,-40.0,-30.0,67.20119047,1,0,,
DEMO_EXCHANGED_CARRIER_V1,CONSTRUCTED_DEMO,C07,combined_change,SHIFT3,1,PARK,SC,probe,row_sentinel,0.0,-24.0,40.44749683,0,0.75,18.98,16.1
DEMO_EXCHANGED_CARRIER_V1,CONSTRUCTED_DEMO,C07,combined_change,SHIFT3,2,SC,MC,probe,row_sentinel,0.0,0.0,24.0,0,0.75,-1.65,-1.65
DEMO_EXCHANGED_CARRIER_V1,CONSTRUCTED_DEMO,C07,combined_change,SHIFT3,3,MC,NC,probe,row_sentinel,0.0,24.0,24.0,1,0.75,5.23,2.35
DEMO_EXCHANGED_CARRIER_V1,CONSTRUCTED_DEMO,C07,combined_change,SHIFT3,4,NC,PARK,return,return_before_acquisition,-40.0,-30.0,67.20119047,1,0,,
DEMO_EXCHANGED_CARRIER_V1,CONSTRUCTED_DEMO,C08,combined_change,ALL9,1,PARK,SW,probe,scheduled_all_sites,-32.0,-24.0,10.0,0,0.75,8.076,1.1
DEMO_EXCHANGED_CARRIER_V1,CONSTRUCTED_DEMO,C08,combined_change,ALL9,2,SW,SC,probe,scheduled_all_sites,0.0,-24.0,32.0,0,0.75,3.03,0.15
DEMO_EXCHANGED_CARRIER_V1,CONSTRUCTED_DEMO,C08,combined_change,ALL9,3,SC,SE,probe,scheduled_all_sites,32.0,-24.0,32.0,0,0.75,7.926,0.95
DEMO_EXCHANGED_CARRIER_V1,CONSTRUCTED_DEMO,C08,combined_change,ALL9,4,SE,ME,probe,scheduled_all_sites,32.0,0.0,24.0,0,0.75,-12.954,-17.05
DEMO_EXCHANGED_CARRIER_V1,CONSTRUCTED_DEMO,C08,combined_change,ALL9,5,ME,MC,probe,scheduled_all_sites,0.0,0.0,32.0,0,0.75,-17.85,-17.85
DEMO_EXCHANGED_CARRIER_V1,CONSTRUCTED_DEMO,C08,combined_change,ALL9,6,MC,MW,probe,scheduled_all_sites,-32.0,0.0,32.0,0,0.75,-14.554,-18.65
DEMO_EXCHANGED_CARRIER_V1,CONSTRUCTED_DEMO,C08,combined_change,ALL9,7,MW,NW,probe,scheduled_all_sites,-32.0,24.0,24.0,0,0.75,9.326,2.35
DEMO_EXCHANGED_CARRIER_V1,CONSTRUCTED_DEMO,C08,combined_change,ALL9,8,NW,NC,probe,scheduled_all_sites,0.0,24.0,32.0,0,0.75,6.03,3.15
DEMO_EXCHANGED_CARRIER_V1,CONSTRUCTED_DEMO,C08,combined_change,ALL9,9,NC,NE,probe,scheduled_all_sites,32.0,24.0,32.0,0,0.75,-14.174,-21.15
DEMO_EXCHANGED_CARRIER_V1,CONSTRUCTED_DEMO,C08,combined_change,ALL9,10,NE,PARK,return,return_before_acquisition,-40.0,-30.0,90.0,1,0,,
DEMO_EXCHANGED_CARRIER_V1,CONSTRUCTED_DEMO,C08,combined_change,ROW3,1,PARK,SC,probe,row_sentinel,0.0,-24.0,40.44749683,0,0.75,3.03,0.15
DEMO_EXCHANGED_CARRIER_V1,CONSTRUCTED_DEMO,C08,combined_change,ROW3,2,SC,MC,probe,row_sentinel,0.0,0.0,24.0,0,0.75,-17.85,-17.85
DEMO_EXCHANGED_CARRIER_V1,CONSTRUCTED_DEMO,C08,combined_change,ROW3,3,MC,MW,probe,triggered_row_refresh,-32.0,0.0,32.0,0,0.75,-14.554,-18.65
DEMO_EXCHANGED_CARRIER_V1,CONSTRUCTED_DEMO,C08,combined_change,ROW3,4,MW,ME,probe,triggered_row_refresh,32.0,0.0,64.0,0,0.75,-12.954,-17.05
DEMO_EXCHANGED_CARRIER_V1,CONSTRUCTED_DEMO,C08,combined_change,ROW3,5,ME,NC,probe,row_sentinel,0.0,24.0,40.0,1,0.75,6.03,3.15
DEMO_EXCHANGED_CARRIER_V1,CONSTRUCTED_DEMO,C08,combined_change,ROW3,6,NC,PARK,return,return_before_acquisition,-40.0,-30.0,67.20119047,1,0,,
DEMO_EXCHANGED_CARRIER_V1,CONSTRUCTED_DEMO,C08,combined_change,SHIFT3,1,PARK,SC,probe,row_sentinel,0.0,-24.0,40.44749683,0,0.75,3.03,0.15
DEMO_EXCHANGED_CARRIER_V1,CONSTRUCTED_DEMO,C08,combined_change,SHIFT3,2,SC,MC,probe,row_sentinel,0.0,0.0,24.0,0,0.75,-17.85,-17.85
DEMO_EXCHANGED_CARRIER_V1,CONSTRUCTED_DEMO,C08,combined_change,SHIFT3,3,MC,NC,probe,row_sentinel,0.0,24.0,24.0,1,0.75,6.03,3.15
DEMO_EXCHANGED_CARRIER_V1,CONSTRUCTED_DEMO,C08,combined_change,SHIFT3,4,NC,PARK,return,return_before_acquisition,-40.0,-30.0,67.20119047,1,0,,
