scenario,provenance,event_id,condition,policy,threshold_um,center_acceptance_um,local_probe_count,local_probe_sequence,triggered_rows,local_path_mm,local_retract_count,local_probe_stop_s,local_xy_travel_s,local_retract_s,local_calibration_s,common_registration_s,acquisition_s,total_cycle_s,accepted_centers,center_count,accepted_event,worst_abs_focus_error_um,mean_abs_focus_error_um
DEMO_EXCHANGED_CARRIER_V1,CONSTRUCTED_DEMO,B01,broad_row_change,PLANE,,8.0,0,,,0,0,0.0,0.0,0.0,0.0,5.0,8.59,13.59,9,9,1,0.7,0.38888889
DEMO_EXCHANGED_CARRIER_V1,CONSTRUCTED_DEMO,B01,broad_row_change,ALL9,,8.0,9,SW>SC>SE>ME>MC>MW>NW>NC>NE,,340.0,1,6.75,4.25,0.74,11.74,5.0,8.59,25.33,9,9,1,0.6,0.33333333
DEMO_EXCHANGED_CARRIER_V1,CONSTRUCTED_DEMO,B01,broad_row_change,ROW3,8.0,8.0,3,SC>MC>NC,,155.6486873,2,2.25,1.94560859,1.48,5.67560859,5.0,8.59,19.26560859,9,9,1,0.7,0.38888889
DEMO_EXCHANGED_CARRIER_V1,CONSTRUCTED_DEMO,B01,broad_row_change,SHIFT3,,8.0,3,SC>MC>NC,,155.6486873,2,2.25,1.94560859,1.48,5.67560859,5.0,8.59,19.26560859,9,9,1,2.0,0.65555556
DEMO_EXCHANGED_CARRIER_V1,CONSTRUCTED_DEMO,B02,broad_row_change,PLANE,,8.0,0,,,0,0,0.0,0.0,0.0,0.0,5.0,8.59,13.59,6,9,0,12.7,4.15555556
DEMO_EXCHANGED_CARRIER_V1,CONSTRUCTED_DEMO,B02,broad_row_change,ALL9,,8.0,9,SW>SC>SE>ME>MC>MW>NW>NC>NE,,340.0,1,6.75,4.25,0.74,11.74,5.0,8.59,25.33,9,9,1,0.6,0.33333333
DEMO_EXCHANGED_CARRIER_V1,CONSTRUCTED_DEMO,B02,broad_row_change,ROW3,8.0,8.0,5,SC>MC>MW>ME>NC,M,267.6486873,2,3.75,3.34560859,1.48,8.57560859,5.0,8.59,22.16560859,9,9,1,0.7,0.31111111
DEMO_EXCHANGED_CARRIER_V1,CONSTRUCTED_DEMO,B02,broad_row_change,SHIFT3,,8.0,3,SC>MC>NC,,155.6486873,2,2.25,1.94560859,1.48,5.67560859,5.0,8.59,19.26560859,9,9,1,1.7,0.57222222
DEMO_EXCHANGED_CARRIER_V1,CONSTRUCTED_DEMO,B03,broad_row_change,PLANE,,8.0,0,,,0,0,0.0,0.0,0.0,0.0,5.0,8.59,13.59,6,9,0,14.7,4.93888889
DEMO_EXCHANGED_CARRIER_V1,CONSTRUCTED_DEMO,B03,broad_row_change,ALL9,,8.0,9,SW>SC>SE>ME>MC>MW>NW>NC>NE,,340.0,1,6.75,4.25,0.74,11.74,5.0,8.59,25.33,9,9,1,0.6,0.33333333
DEMO_EXCHANGED_CARRIER_V1,CONSTRUCTED_DEMO,B03,broad_row_change,ROW3,8.0,8.0,5,SC>SW>SE>MC>NC,S,267.6486873,2,3.75,3.34560859,1.48,8.57560859,5.0,8.59,22.16560859,9,9,1,0.7,0.35
DEMO_EXCHANGED_CARRIER_V1,CONSTRUCTED_DEMO,B03,broad_row_change,SHIFT3,,8.0,3,SC>MC>NC,,155.6486873,2,2.25,1.94560859,1.48,5.67560859,5.0,8.59,19.26560859,9,9,1,1.25,0.42222222
DEMO_EXCHANGED_CARRIER_V1,CONSTRUCTED_DEMO,B04,broad_row_change,PLANE,,8.0,0,,,0,0,0.0,0.0,0.0,0.0,5.0,8.59,13.59,6,9,0,15.7,5.23333333
DEMO_EXCHANGED_CARRIER_V1,CONSTRUCTED_DEMO,B04,broad_row_change,ALL9,,8.0,9,SW>SC>SE>ME>MC>MW>NW>NC>NE,,340.0,1,6.75,4.25,0.74,11.74,5.0,8.59,25.33,9,9,1,0.6,0.33333333
DEMO_EXCHANGED_CARRIER_V1,CONSTRUCTED_DEMO,B04,broad_row_change,ROW3,8.0,8.0,5,SC>MC>NC>NW>NE,N,274.44749683,2,3.75,3.43059371,1.48,8.66059371,5.0,8.59,22.25059371,9,9,1,0.7,0.37222222
DEMO_EXCHANGED_CARRIER_V1,CONSTRUCTED_DEMO,B04,broad_row_change,SHIFT3,,8.0,3,SC>MC>NC,,155.6486873,2,2.25,1.94560859,1.48,5.67560859,5.0,8.59,19.26560859,9,9,1,1.1,0.52777778
DEMO_EXCHANGED_CARRIER_V1,CONSTRUCTED_DEMO,B05,broad_row_change,PLANE,,8.0,0,,,0,0,0.0,0.0,0.0,0.0,5.0,8.59,13.59,3,9,0,14.7,8.70555556
DEMO_EXCHANGED_CARRIER_V1,CONSTRUCTED_DEMO,B05,broad_row_change,ALL9,,8.0,9,SW>SC>SE>ME>MC>MW>NW>NC>NE,,340.0,1,6.75,4.25,0.74,11.74,5.0,8.59,25.33,9,9,1,0.6,0.33333333
DEMO_EXCHANGED_CARRIER_V1,CONSTRUCTED_DEMO,B05,broad_row_change,ROW3,8.0,8.0,7,SC>SW>SE>MC>NC>NW>NE,SN,386.44749683,2,5.25,4.83059371,1.48,11.56059371,5.0,8.59,25.15059371,9,9,1,0.7,0.33333333
DEMO_EXCHANGED_CARRIER_V1,CONSTRUCTED_DEMO,B05,broad_row_change,SHIFT3,,8.0,3,SC>MC>NC,,155.6486873,2,2.25,1.94560859,1.48,5.67560859,5.0,8.59,19.26560859,9,9,1,1.4,0.50555556
DEMO_EXCHANGED_CARRIER_V1,CONSTRUCTED_DEMO,B06,broad_row_change,PLANE,,8.0,0,,,0,0,0.0,0.0,0.0,0.0,5.0,8.59,13.59,3,9,0,16.7,10.0
DEMO_EXCHANGED_CARRIER_V1,CONSTRUCTED_DEMO,B06,broad_row_change,ALL9,,8.0,9,SW>SC>SE>ME>MC>MW>NW>NC>NE,,340.0,1,6.75,4.25,0.74,11.74,5.0,8.59,25.33,9,9,1,0.6,0.33333333
DEMO_EXCHANGED_CARRIER_V1,CONSTRUCTED_DEMO,B06,broad_row_change,ROW3,8.0,8.0,7,SC>MC>MW>ME>NC>NW>NE,MN,386.44749683,2,5.25,4.83059371,1.48,11.56059371,5.0,8.59,25.15059371,9,9,1,0.6,0.29444444
DEMO_EXCHANGED_CARRIER_V1,CONSTRUCTED_DEMO,B06,broad_row_change,SHIFT3,,8.0,3,SC>MC>NC,,155.6486873,2,2.25,1.94560859,1.48,5.67560859,5.0,8.59,19.26560859,9,9,1,1.55,0.48888889
DEMO_EXCHANGED_CARRIER_V1,CONSTRUCTED_DEMO,B07,broad_row_change,PLANE,,8.0,0,,,0,0,0.0,0.0,0.0,0.0,5.0,8.59,13.59,0,9,0,16.7,15.15555556
DEMO_EXCHANGED_CARRIER_V1,CONSTRUCTED_DEMO,B07,broad_row_change,ALL9,,8.0,9,SW>SC>SE>ME>MC>MW>NW>NC>NE,,340.0,1,6.75,4.25,0.74,11.74,5.0,8.59,25.33,9,9,1,0.6,0.33333333
DEMO_EXCHANGED_CARRIER_V1,CONSTRUCTED_DEMO,B07,broad_row_change,ROW3,8.0,8.0,9,SC>SW>SE>MC>MW>ME>NC>NW>NE,SMN,498.44749683,2,6.75,6.23059371,1.48,14.46059371,5.0,8.59,28.05059371,9,9,1,0.6,0.33333333
DEMO_EXCHANGED_CARRIER_V1,CONSTRUCTED_DEMO,B07,broad_row_change,SHIFT3,,8.0,3,SC>MC>NC,,155.6486873,2,2.25,1.94560859,1.48,5.67560859,5.0,8.59,19.26560859,9,9,1,0.8,0.44444444
DEMO_EXCHANGED_CARRIER_V1,CONSTRUCTED_DEMO,B08,broad_row_change,PLANE,,8.0,0,,,0,0,0.0,0.0,0.0,0.0,5.0,8.59,13.59,0,9,0,18.7,15.72777778
DEMO_EXCHANGED_CARRIER_V1,CONSTRUCTED_DEMO,B08,broad_row_change,ALL9,,8.0,9,SW>SC>SE>ME>MC>MW>NW>NC>NE,,340.0,1,6.75,4.25,0.74,11.74,5.0,8.59,25.33,9,9,1,0.6,0.33333333
DEMO_EXCHANGED_CARRIER_V1,CONSTRUCTED_DEMO,B08,broad_row_change,ROW3,8.0,8.0,9,SC>SW>SE>MC>MW>ME>NC>NW>NE,SMN,498.44749683,2,6.75,6.23059371,1.48,14.46059371,5.0,8.59,28.05059371,9,9,1,0.6,0.33333333
DEMO_EXCHANGED_CARRIER_V1,CONSTRUCTED_DEMO,B08,broad_row_change,SHIFT3,,8.0,3,SC>MC>NC,,155.6486873,2,2.25,1.94560859,1.48,5.67560859,5.0,8.59,19.26560859,9,9,1,0.8,0.37222222
DEMO_EXCHANGED_CARRIER_V1,CONSTRUCTED_DEMO,E01,east_local_change,PLANE,,8.0,0,,,0,0,0.0,0.0,0.0,0.0,5.0,8.59,13.59,8,9,0,12.65,3.0
DEMO_EXCHANGED_CARRIER_V1,CONSTRUCTED_DEMO,E01,east_local_change,ALL9,,8.0,9,SW>SC>SE>ME>MC>MW>NW>NC>NE,,340.0,1,6.75,4.25,0.74,11.74,5.0,8.59,25.33,9,9,1,0.6,0.33333333
DEMO_EXCHANGED_CARRIER_V1,CONSTRUCTED_DEMO,E01,east_local_change,ROW3,8.0,8.0,3,SC>MC>NC,,155.6486873,2,2.25,1.94560859,1.48,5.67560859,5.0,8.59,19.26560859,8,9,0,12.65,3.0
DEMO_EXCHANGED_CARRIER_V1,CONSTRUCTED_DEMO,E01,east_local_change,SHIFT3,,8.0,3,SC>MC>NC,,155.6486873,2,2.25,1.94560859,1.48,5.67560859,5.0,8.59,19.26560859,8,9,0,12.5,2.01666667
DEMO_EXCHANGED_CARRIER_V1,CONSTRUCTED_DEMO,E02,east_local_change,PLANE,,8.0,0,,,0,0,0.0,0.0,0.0,0.0,5.0,8.59,13.59,8,9,0,15.3,2.95
DEMO_EXCHANGED_CARRIER_V1,CONSTRUCTED_DEMO,E02,east_local_change,ALL9,,8.0,9,SW>SC>SE>ME>MC>MW>NW>NC>NE,,340.0,1,6.75,4.25,0.74,11.74,5.0,8.59,25.33,9,9,1,0.6,0.33333333
DEMO_EXCHANGED_CARRIER_V1,CONSTRUCTED_DEMO,E02,east_local_change,ROW3,8.0,8.0,3,SC>MC>NC,,155.6486873,2,2.25,1.94560859,1.48,5.67560859,5.0,8.59,19.26560859,8,9,0,15.3,2.95
DEMO_EXCHANGED_CARRIER_V1,CONSTRUCTED_DEMO,E02,east_local_change,SHIFT3,,8.0,3,SC>MC>NC,,155.6486873,2,2.25,1.94560859,1.48,5.67560859,5.0,8.59,19.26560859,8,9,0,14.25,2.21111111
DEMO_EXCHANGED_CARRIER_V1,CONSTRUCTED_DEMO,E03,east_local_change,PLANE,,8.0,0,,,0,0,0.0,0.0,0.0,0.0,5.0,8.59,13.59,8,9,0,18.0,3.28888889
DEMO_EXCHANGED_CARRIER_V1,CONSTRUCTED_DEMO,E03,east_local_change,ALL9,,8.0,9,SW>SC>SE>ME>MC>MW>NW>NC>NE,,340.0,1,6.75,4.25,0.74,11.74,5.0,8.59,25.33,9,9,1,0.6,0.33333333
DEMO_EXCHANGED_CARRIER_V1,CONSTRUCTED_DEMO,E03,east_local_change,ROW3,8.0,8.0,3,SC>MC>NC,,155.6486873,2,2.25,1.94560859,1.48,5.67560859,5.0,8.59,19.26560859,8,9,0,18.0,3.28888889
DEMO_EXCHANGED_CARRIER_V1,CONSTRUCTED_DEMO,E03,east_local_change,SHIFT3,,8.0,3,SC>MC>NC,,155.6486873,2,2.25,1.94560859,1.48,5.67560859,5.0,8.59,19.26560859,8,9,0,16.35,2.21666667
DEMO_EXCHANGED_CARRIER_V1,CONSTRUCTED_DEMO,E04,east_local_change,PLANE,,8.0,0,,,0,0,0.0,0.0,0.0,0.0,5.0,8.59,13.59,8,9,0,16.3,3.44444444
DEMO_EXCHANGED_CARRIER_V1,CONSTRUCTED_DEMO,E04,east_local_change,ALL9,,8.0,9,SW>SC>SE>ME>MC>MW>NW>NC>NE,,340.0,1,6.75,4.25,0.74,11.74,5.0,8.59,25.33,9,9,1,0.6,0.33333333
DEMO_EXCHANGED_CARRIER_V1,CONSTRUCTED_DEMO,E04,east_local_change,ROW3,8.0,8.0,3,SC>MC>NC,,155.6486873,2,2.25,1.94560859,1.48,5.67560859,5.0,8.59,19.26560859,8,9,0,16.3,3.44444444
DEMO_EXCHANGED_CARRIER_V1,CONSTRUCTED_DEMO,E04,east_local_change,SHIFT3,,8.0,3,SC>MC>NC,,155.6486873,2,2.25,1.94560859,1.48,5.67560859,5.0,8.59,19.26560859,8,9,0,17.5,2.31111111
DEMO_EXCHANGED_CARRIER_V1,CONSTRUCTED_DEMO,E05,east_local_change,PLANE,,8.0,0,,,0,0,0.0,0.0,0.0,0.0,5.0,8.59,13.59,8,9,0,18.0,3.71666667
DEMO_EXCHANGED_CARRIER_V1,CONSTRUCTED_DEMO,E05,east_local_change,ALL9,,8.0,9,SW>SC>SE>ME>MC>MW>NW>NC>NE,,340.0,1,6.75,4.25,0.74,11.74,5.0,8.59,25.33,9,9,1,0.6,0.33333333
DEMO_EXCHANGED_CARRIER_V1,CONSTRUCTED_DEMO,E05,east_local_change,ROW3,8.0,8.0,3,SC>MC>NC,,155.6486873,2,2.25,1.94560859,1.48,5.67560859,5.0,8.59,19.26560859,8,9,0,18.0,3.71666667
DEMO_EXCHANGED_CARRIER_V1,CONSTRUCTED_DEMO,E05,east_local_change,SHIFT3,,8.0,3,SC>MC>NC,,155.6486873,2,2.25,1.94560859,1.48,5.67560859,5.0,8.59,19.26560859,8,9,0,19.75,2.81111111
DEMO_EXCHANGED_CARRIER_V1,CONSTRUCTED_DEMO,E06,east_local_change,PLANE,,8.0,0,,,0,0,0.0,0.0,0.0,0.0,5.0,8.59,13.59,8,9,0,20.7,3.82222222
DEMO_EXCHANGED_CARRIER_V1,CONSTRUCTED_DEMO,E06,east_local_change,ALL9,,8.0,9,SW>SC>SE>ME>MC>MW>NW>NC>NE,,340.0,1,6.75,4.25,0.74,11.74,5.0,8.59,25.33,9,9,1,0.6,0.33333333
DEMO_EXCHANGED_CARRIER_V1,CONSTRUCTED_DEMO,E06,east_local_change,ROW3,8.0,8.0,3,SC>MC>NC,,155.6486873,2,2.25,1.94560859,1.48,5.67560859,5.0,8.59,19.26560859,8,9,0,20.7,3.82222222
DEMO_EXCHANGED_CARRIER_V1,CONSTRUCTED_DEMO,E06,east_local_change,SHIFT3,,8.0,3,SC>MC>NC,,155.6486873,2,2.25,1.94560859,1.48,5.67560859,5.0,8.59,19.26560859,8,9,0,23.4,3.14444444
DEMO_EXCHANGED_CARRIER_V1,CONSTRUCTED_DEMO,E07,east_local_change,PLANE,,8.0,0,,,0,0,0.0,0.0,0.0,0.0,5.0,8.59,13.59,8,9,0,25.0,4.06111111
DEMO_EXCHANGED_CARRIER_V1,CONSTRUCTED_DEMO,E07,east_local_change,ALL9,,8.0,9,SW>SC>SE>ME>MC>MW>NW>NC>NE,,340.0,1,6.75,4.25,0.74,11.74,5.0,8.59,25.33,9,9,1,0.6,0.33333333
DEMO_EXCHANGED_CARRIER_V1,CONSTRUCTED_DEMO,E07,east_local_change,ROW3,8.0,8.0,3,SC>MC>NC,,155.6486873,2,2.25,1.94560859,1.48,5.67560859,5.0,8.59,19.26560859,8,9,0,25.0,4.06111111
DEMO_EXCHANGED_CARRIER_V1,CONSTRUCTED_DEMO,E07,east_local_change,SHIFT3,,8.0,3,SC>MC>NC,,155.6486873,2,2.25,1.94560859,1.48,5.67560859,5.0,8.59,19.26560859,8,9,0,24.5,3.02222222
DEMO_EXCHANGED_CARRIER_V1,CONSTRUCTED_DEMO,E08,east_local_change,PLANE,,8.0,0,,,0,0,0.0,0.0,0.0,0.0,5.0,8.59,13.59,8,9,0,18.7,3.28888889
DEMO_EXCHANGED_CARRIER_V1,CONSTRUCTED_DEMO,E08,east_local_change,ALL9,,8.0,9,SW>SC>SE>ME>MC>MW>NW>NC>NE,,340.0,1,6.75,4.25,0.74,11.74,5.0,8.59,25.33,9,9,1,0.6,0.33333333
DEMO_EXCHANGED_CARRIER_V1,CONSTRUCTED_DEMO,E08,east_local_change,ROW3,8.0,8.0,3,SC>MC>NC,,155.6486873,2,2.25,1.94560859,1.48,5.67560859,5.0,8.59,19.26560859,8,9,0,18.7,3.28888889
DEMO_EXCHANGED_CARRIER_V1,CONSTRUCTED_DEMO,E08,east_local_change,SHIFT3,,8.0,3,SC>MC>NC,,155.6486873,2,2.25,1.94560859,1.48,5.67560859,5.0,8.59,19.26560859,8,9,0,18.0,2.43333333
DEMO_EXCHANGED_CARRIER_V1,CONSTRUCTED_DEMO,C01,combined_change,PLANE,,8.0,0,,,0,0,0.0,0.0,0.0,0.0,5.0,8.59,13.59,6,9,0,27.7,6.82222222
DEMO_EXCHANGED_CARRIER_V1,CONSTRUCTED_DEMO,C01,combined_change,ALL9,,8.0,9,SW>SC>SE>ME>MC>MW>NW>NC>NE,,340.0,1,6.75,4.25,0.74,11.74,5.0,8.59,25.33,9,9,1,0.6,0.33333333
DEMO_EXCHANGED_CARRIER_V1,CONSTRUCTED_DEMO,C01,combined_change,ROW3,8.0,8.0,5,SC>SW>SE>MC>NC,S,267.6486873,2,3.75,3.34560859,1.48,8.57560859,5.0,8.59,22.16560859,9,9,1,2.35,1.15555556
DEMO_EXCHANGED_CARRIER_V1,CONSTRUCTED_DEMO,C01,combined_change,SHIFT3,,8.0,3,SC>MC>NC,,155.6486873,2,2.25,1.94560859,1.48,5.67560859,5.0,8.59,19.26560859,8,9,0,15.95,2.23888889
DEMO_EXCHANGED_CARRIER_V1,CONSTRUCTED_DEMO,C02,combined_change,PLANE,,8.0,0,,,0,0,0.0,0.0,0.0,0.0,5.0,8.59,13.59,6,9,0,30.0,7.71666667
DEMO_EXCHANGED_CARRIER_V1,CONSTRUCTED_DEMO,C02,combined_change,ALL9,,8.0,9,SW>SC>SE>ME>MC>MW>NW>NC>NE,,340.0,1,6.75,4.25,0.74,11.74,5.0,8.59,25.33,9,9,1,0.6,0.33333333
DEMO_EXCHANGED_CARRIER_V1,CONSTRUCTED_DEMO,C02,combined_change,ROW3,8.0,8.0,5,SC>MC>MW>ME>NC,M,267.6486873,2,3.75,3.34560859,1.48,8.57560859,5.0,8.59,22.16560859,9,9,1,2.7,1.27222222
DEMO_EXCHANGED_CARRIER_V1,CONSTRUCTED_DEMO,C02,combined_change,SHIFT3,,8.0,3,SC>MC>NC,,155.6486873,2,2.25,1.94560859,1.48,5.67560859,5.0,8.59,19.26560859,8,9,0,15.8,2.15555556
DEMO_EXCHANGED_CARRIER_V1,CONSTRUCTED_DEMO,C03,combined_change,PLANE,,8.0,0,,,0,0,0.0,0.0,0.0,0.0,5.0,8.59,13.59,6,9,0,33.3,8.0
DEMO_EXCHANGED_CARRIER_V1,CONSTRUCTED_DEMO,C03,combined_change,ALL9,,8.0,9,SW>SC>SE>ME>MC>MW>NW>NC>NE,,340.0,1,6.75,4.25,0.74,11.74,5.0,8.59,25.33,9,9,1,0.6,0.33333333
DEMO_EXCHANGED_CARRIER_V1,CONSTRUCTED_DEMO,C03,combined_change,ROW3,8.0,8.0,5,SC>MC>NC>NW>NE,N,274.44749683,2,3.75,3.43059371,1.48,8.66059371,5.0,8.59,22.25059371,9,9,1,1.7,0.72777778
DEMO_EXCHANGED_CARRIER_V1,CONSTRUCTED_DEMO,C03,combined_change,SHIFT3,,8.0,3,SC>MC>NC,,155.6486873,2,2.25,1.94560859,1.48,5.67560859,5.0,8.59,19.26560859,8,9,0,17.05,2.31666667
DEMO_EXCHANGED_CARRIER_V1,CONSTRUCTED_DEMO,C04,combined_change,PLANE,,8.0,0,,,0,0,0.0,0.0,0.0,0.0,5.0,8.59,13.59,6,9,0,38.0,9.18333333
DEMO_EXCHANGED_CARRIER_V1,CONSTRUCTED_DEMO,C04,combined_change,ALL9,,8.0,9,SW>SC>SE>ME>MC>MW>NW>NC>NE,,340.0,1,6.75,4.25,0.74,11.74,5.0,8.59,25.33,9,9,1,0.6,0.33333333
DEMO_EXCHANGED_CARRIER_V1,CONSTRUCTED_DEMO,C04,combined_change,ROW3,8.0,8.0,5,SC>SW>SE>MC>NC,S,267.6486873,2,3.75,3.34560859,1.48,8.57560859,5.0,8.59,22.16560859,9,9,1,2.7,0.96111111
DEMO_EXCHANGED_CARRIER_V1,CONSTRUCTED_DEMO,C04,combined_change,SHIFT3,,8.0,3,SC>MC>NC,,155.6486873,2,2.25,1.94560859,1.48,5.67560859,5.0,8.59,19.26560859,8,9,0,19.05,2.51666667
DEMO_EXCHANGED_CARRIER_V1,CONSTRUCTED_DEMO,C05,combined_change,PLANE,,8.0,0,,,0,0,0.0,0.0,0.0,0.0,5.0,8.59,13.59,5,9,0,18.0,6.7
DEMO_EXCHANGED_CARRIER_V1,CONSTRUCTED_DEMO,C05,combined_change,ALL9,,8.0,9,SW>SC>SE>ME>MC>MW>NW>NC>NE,,340.0,1,6.75,4.25,0.74,11.74,5.0,8.59,25.33,9,9,1,0.6,0.33333333
DEMO_EXCHANGED_CARRIER_V1,CONSTRUCTED_DEMO,C05,combined_change,ROW3,8.0,8.0,5,SC>MC>MW>ME>NC,M,267.6486873,2,3.75,3.34560859,1.48,8.57560859,5.0,8.59,22.16560859,8,9,0,18.0,2.77777778
DEMO_EXCHANGED_CARRIER_V1,CONSTRUCTED_DEMO,C05,combined_change,SHIFT3,,8.0,3,SC>MC>NC,,155.6486873,2,2.25,1.94560859,1.48,5.67560859,5.0,8.59,19.26560859,8,9,0,15.9,2.24444444
DEMO_EXCHANGED_CARRIER_V1,CONSTRUCTED_DEMO,C06,combined_change,PLANE,,8.0,0,,,0,0,0.0,0.0,0.0,0.0,5.0,8.59,13.59,5,9,0,16.3,7.11111111
DEMO_EXCHANGED_CARRIER_V1,CONSTRUCTED_DEMO,C06,combined_change,ALL9,,8.0,9,SW>SC>SE>ME>MC>MW>NW>NC>NE,,340.0,1,6.75,4.25,0.74,11.74,5.0,8.59,25.33,9,9,1,0.6,0.33333333
DEMO_EXCHANGED_CARRIER_V1,CONSTRUCTED_DEMO,C06,combined_change,ROW3,8.0,8.0,5,SC>MC>NC>NW>NE,N,274.44749683,2,3.75,3.43059371,1.48,8.66059371,5.0,8.59,22.25059371,8,9,0,16.3,2.54444444
DEMO_EXCHANGED_CARRIER_V1,CONSTRUCTED_DEMO,C06,combined_change,SHIFT3,,8.0,3,SC>MC>NC,,155.6486873,2,2.25,1.94560859,1.48,5.67560859,5.0,8.59,19.26560859,8,9,0,17.95,2.43333333
DEMO_EXCHANGED_CARRIER_V1,CONSTRUCTED_DEMO,C07,combined_change,PLANE,,8.0,0,,,0,0,0.0,0.0,0.0,0.0,5.0,8.59,13.59,5,9,0,19.0,8.60555556
DEMO_EXCHANGED_CARRIER_V1,CONSTRUCTED_DEMO,C07,combined_change,ALL9,,8.0,9,SW>SC>SE>ME>MC>MW>NW>NC>NE,,340.0,1,6.75,4.25,0.74,11.74,5.0,8.59,25.33,9,9,1,0.6,0.33333333
DEMO_EXCHANGED_CARRIER_V1,CONSTRUCTED_DEMO,C07,combined_change,ROW3,8.0,8.0,5,SC>SW>SE>MC>NC,S,267.6486873,2,3.75,3.34560859,1.48,8.57560859,5.0,8.59,22.16560859,8,9,0,19.0,3.35
DEMO_EXCHANGED_CARRIER_V1,CONSTRUCTED_DEMO,C07,combined_change,SHIFT3,,8.0,3,SC>MC>NC,,155.6486873,2,2.25,1.94560859,1.48,5.67560859,5.0,8.59,19.26560859,8,9,0,20.65,2.59444444
DEMO_EXCHANGED_CARRIER_V1,CONSTRUCTED_DEMO,C08,combined_change,PLANE,,8.0,0,,,0,0,0.0,0.0,0.0,0.0,5.0,8.59,13.59,5,9,0,20.7,9.15555556
DEMO_EXCHANGED_CARRIER_V1,CONSTRUCTED_DEMO,C08,combined_change,ALL9,,8.0,9,SW>SC>SE>ME>MC>MW>NW>NC>NE,,340.0,1,6.75,4.25,0.74,11.74,5.0,8.59,25.33,9,9,1,0.6,0.33333333
DEMO_EXCHANGED_CARRIER_V1,CONSTRUCTED_DEMO,C08,combined_change,ROW3,8.0,8.0,5,SC>MC>MW>ME>NC,M,267.6486873,2,3.75,3.34560859,1.48,8.57560859,5.0,8.59,22.16560859,8,9,0,20.7,3.27222222
DEMO_EXCHANGED_CARRIER_V1,CONSTRUCTED_DEMO,C08,combined_change,SHIFT3,,8.0,3,SC>MC>NC,,155.6486873,2,2.25,1.94560859,1.48,5.67560859,5.0,8.59,19.26560859,8,9,0,23.85,3.12777778
